[
{
    "model": "auth.permission",
    "pk": 1,
    "fields": {
        "name": "Can add log entry",
        "content_type": 1,
        "codename": "add_logentry"
    }
},
{
    "model": "auth.permission",
    "pk": 2,
    "fields": {
        "name": "Can change log entry",
        "content_type": 1,
        "codename": "change_logentry"
    }
},
{
    "model": "auth.permission",
    "pk": 3,
    "fields": {
        "name": "Can delete log entry",
        "content_type": 1,
        "codename": "delete_logentry"
    }
},
{
    "model": "auth.permission",
    "pk": 4,
    "fields": {
        "name": "Can view log entry",
        "content_type": 1,
        "codename": "view_logentry"
    }
},
{
    "model": "auth.permission",
    "pk": 5,
    "fields": {
        "name": "Can add permission",
        "content_type": 2,
        "codename": "add_permission"
    }
},
{
    "model": "auth.permission",
    "pk": 6,
    "fields": {
        "name": "Can change permission",
        "content_type": 2,
        "codename": "change_permission"
    }
},
{
    "model": "auth.permission",
    "pk": 7,
    "fields": {
        "name": "Can delete permission",
        "content_type": 2,
        "codename": "delete_permission"
    }
},
{
    "model": "auth.permission",
    "pk": 8,
    "fields": {
        "name": "Can view permission",
        "content_type": 2,
        "codename": "view_permission"
    }
},
{
    "model": "auth.permission",
    "pk": 9,
    "fields": {
        "name": "Can add group",
        "content_type": 3,
        "codename": "add_group"
    }
},
{
    "model": "auth.permission",
    "pk": 10,
    "fields": {
        "name": "Can change group",
        "content_type": 3,
        "codename": "change_group"
    }
},
{
    "model": "auth.permission",
    "pk": 11,
    "fields": {
        "name": "Can delete group",
        "content_type": 3,
        "codename": "delete_group"
    }
},
{
    "model": "auth.permission",
    "pk": 12,
    "fields": {
        "name": "Can view group",
        "content_type": 3,
        "codename": "view_group"
    }
},
{
    "model": "auth.permission",
    "pk": 13,
    "fields": {
        "name": "Can add content type",
        "content_type": 4,
        "codename": "add_contenttype"
    }
},
{
    "model": "auth.permission",
    "pk": 14,
    "fields": {
        "name": "Can change content type",
        "content_type": 4,
        "codename": "change_contenttype"
    }
},
{
    "model": "auth.permission",
    "pk": 15,
    "fields": {
        "name": "Can delete content type",
        "content_type": 4,
        "codename": "delete_contenttype"
    }
},
{
    "model": "auth.permission",
    "pk": 16,
    "fields": {
        "name": "Can view content type",
        "content_type": 4,
        "codename": "view_contenttype"
    }
},
{
    "model": "auth.permission",
    "pk": 17,
    "fields": {
        "name": "Can add session",
        "content_type": 5,
        "codename": "add_session"
    }
},
{
    "model": "auth.permission",
    "pk": 18,
    "fields": {
        "name": "Can change session",
        "content_type": 5,
        "codename": "change_session"
    }
},
{
    "model": "auth.permission",
    "pk": 19,
    "fields": {
        "name": "Can delete session",
        "content_type": 5,
        "codename": "delete_session"
    }
},
{
    "model": "auth.permission",
    "pk": 20,
    "fields": {
        "name": "Can view session",
        "content_type": 5,
        "codename": "view_session"
    }
},
{
    "model": "auth.permission",
    "pk": 21,
    "fields": {
        "name": "Can add user",
        "content_type": 6,
        "codename": "add_customuser"
    }
},
{
    "model": "auth.permission",
    "pk": 22,
    "fields": {
        "name": "Can change user",
        "content_type": 6,
        "codename": "change_customuser"
    }
},
{
    "model": "auth.permission",
    "pk": 23,
    "fields": {
        "name": "Can delete user",
        "content_type": 6,
        "codename": "delete_customuser"
    }
},
{
    "model": "auth.permission",
    "pk": 24,
    "fields": {
        "name": "Can view user",
        "content_type": 6,
        "codename": "view_customuser"
    }
},
{
    "model": "auth.permission",
    "pk": 25,
    "fields": {
        "name": "Can add Category",
        "content_type": 7,
        "codename": "add_category"
    }
},
{
    "model": "auth.permission",
    "pk": 26,
    "fields": {
        "name": "Can change Category",
        "content_type": 7,
        "codename": "change_category"
    }
},
{
    "model": "auth.permission",
    "pk": 27,
    "fields": {
        "name": "Can delete Category",
        "content_type": 7,
        "codename": "delete_category"
    }
},
{
    "model": "auth.permission",
    "pk": 28,
    "fields": {
        "name": "Can view Category",
        "content_type": 7,
        "codename": "view_category"
    }
},
{
    "model": "auth.permission",
    "pk": 29,
    "fields": {
        "name": "Can add product",
        "content_type": 8,
        "codename": "add_product"
    }
},
{
    "model": "auth.permission",
    "pk": 30,
    "fields": {
        "name": "Can change product",
        "content_type": 8,
        "codename": "change_product"
    }
},
{
    "model": "auth.permission",
    "pk": 31,
    "fields": {
        "name": "Can delete product",
        "content_type": 8,
        "codename": "delete_product"
    }
},
{
    "model": "auth.permission",
    "pk": 32,
    "fields": {
        "name": "Can view product",
        "content_type": 8,
        "codename": "view_product"
    }
},
{
    "model": "auth.permission",
    "pk": 33,
    "fields": {
        "name": "Can add order",
        "content_type": 9,
        "codename": "add_order"
    }
},
{
    "model": "auth.permission",
    "pk": 34,
    "fields": {
        "name": "Can change order",
        "content_type": 9,
        "codename": "change_order"
    }
},
{
    "model": "auth.permission",
    "pk": 35,
    "fields": {
        "name": "Can delete order",
        "content_type": 9,
        "codename": "delete_order"
    }
},
{
    "model": "auth.permission",
    "pk": 36,
    "fields": {
        "name": "Can view order",
        "content_type": 9,
        "codename": "view_order"
    }
},
{
    "model": "auth.permission",
    "pk": 37,
    "fields": {
        "name": "Can add order item",
        "content_type": 10,
        "codename": "add_orderitem"
    }
},
{
    "model": "auth.permission",
    "pk": 38,
    "fields": {
        "name": "Can change order item",
        "content_type": 10,
        "codename": "change_orderitem"
    }
},
{
    "model": "auth.permission",
    "pk": 39,
    "fields": {
        "name": "Can delete order item",
        "content_type": 10,
        "codename": "delete_orderitem"
    }
},
{
    "model": "auth.permission",
    "pk": 40,
    "fields": {
        "name": "Can view order item",
        "content_type": 10,
        "codename": "view_orderitem"
    }
},
{
    "model": "auth.permission",
    "pk": 41,
    "fields": {
        "name": "Can add coupon",
        "content_type": 11,
        "codename": "add_coupon"
    }
},
{
    "model": "auth.permission",
    "pk": 42,
    "fields": {
        "name": "Can change coupon",
        "content_type": 11,
        "codename": "change_coupon"
    }
},
{
    "model": "auth.permission",
    "pk": 43,
    "fields": {
        "name": "Can delete coupon",
        "content_type": 11,
        "codename": "delete_coupon"
    }
},
{
    "model": "auth.permission",
    "pk": 44,
    "fields": {
        "name": "Can view coupon",
        "content_type": 11,
        "codename": "view_coupon"
    }
},
{
    "model": "auth.permission",
    "pk": 45,
    "fields": {
        "name": "Can add transport",
        "content_type": 12,
        "codename": "add_transport"
    }
},
{
    "model": "auth.permission",
    "pk": 46,
    "fields": {
        "name": "Can change transport",
        "content_type": 12,
        "codename": "change_transport"
    }
},
{
    "model": "auth.permission",
    "pk": 47,
    "fields": {
        "name": "Can delete transport",
        "content_type": 12,
        "codename": "delete_transport"
    }
},
{
    "model": "auth.permission",
    "pk": 48,
    "fields": {
        "name": "Can view transport",
        "content_type": 12,
        "codename": "view_transport"
    }
},
{
    "model": "auth.permission",
    "pk": 49,
    "fields": {
        "name": "Can add Payment",
        "content_type": 13,
        "codename": "add_payment"
    }
},
{
    "model": "auth.permission",
    "pk": 50,
    "fields": {
        "name": "Can change Payment",
        "content_type": 13,
        "codename": "change_payment"
    }
},
{
    "model": "auth.permission",
    "pk": 51,
    "fields": {
        "name": "Can delete Payment",
        "content_type": 13,
        "codename": "delete_payment"
    }
},
{
    "model": "auth.permission",
    "pk": 52,
    "fields": {
        "name": "Can view Payment",
        "content_type": 13,
        "codename": "view_payment"
    }
},
{
    "model": "contenttypes.contenttype",
    "pk": 1,
    "fields": {
        "app_label": "admin",
        "model": "logentry"
    }
},
{
    "model": "contenttypes.contenttype",
    "pk": 2,
    "fields": {
        "app_label": "auth",
        "model": "permission"
    }
},
{
    "model": "contenttypes.contenttype",
    "pk": 3,
    "fields": {
        "app_label": "auth",
        "model": "group"
    }
},
{
    "model": "contenttypes.contenttype",
    "pk": 4,
    "fields": {
        "app_label": "contenttypes",
        "model": "contenttype"
    }
},
{
    "model": "contenttypes.contenttype",
    "pk": 5,
    "fields": {
        "app_label": "sessions",
        "model": "session"
    }
},
{
    "model": "contenttypes.contenttype",
    "pk": 6,
    "fields": {
        "app_label": "accounts",
        "model": "customuser"
    }
},
{
    "model": "contenttypes.contenttype",
    "pk": 7,
    "fields": {
        "app_label": "shop",
        "model": "category"
    }
},
{
    "model": "contenttypes.contenttype",
    "pk": 8,
    "fields": {
        "app_label": "shop",
        "model": "product"
    }
},
{
    "model": "contenttypes.contenttype",
    "pk": 9,
    "fields": {
        "app_label": "orders",
        "model": "order"
    }
},
{
    "model": "contenttypes.contenttype",
    "pk": 10,
    "fields": {
        "app_label": "orders",
        "model": "orderitem"
    }
},
{
    "model": "contenttypes.contenttype",
    "pk": 11,
    "fields": {
        "app_label": "coupons",
        "model": "coupon"
    }
},
{
    "model": "contenttypes.contenttype",
    "pk": 12,
    "fields": {
        "app_label": "transportation",
        "model": "transport"
    }
},
{
    "model": "contenttypes.contenttype",
    "pk": 13,
    "fields": {
        "app_label": "payments",
        "model": "payment"
    }
},
{
    "model": "sessions.session",
    "pk": "0b4p8pmyzdirlhrzomdmt13lwswrfs0y",
    "fields": {
        "session_data": "eyJjYXJ0Ijp7fX0:1opAQU:C8Y32IbjtfkcuEQtOzQqgjlgPNw_auwYvWxaar9Lh-Y",
        "expire_date": "2022-11-13T15:40:42.807Z"
    }
},
{
    "model": "sessions.session",
    "pk": "0fz3fyh8gee3uxhtns6gp0jnoijaw2ac",
    "fields": {
        "session_data": "eyJjYXJ0Ijp7fX0:1pMlzN:t-Xkqey3t5yl7_l9Dti8XzQbtYWN0j60f2XE6TTf50U",
        "expire_date": "2023-02-14T08:27:37.102Z"
    }
},
{
    "model": "sessions.session",
    "pk": "1vjsxnbo7xg9enc5y6i9rurs2tmr7r8c",
    "fields": {
        "session_data": ".eJxVjDEOgzAMAP_iuYqMCU3C2J03ICc2hbYCKcCE-HsViYX17nQHJM4btMf5gJ73bez3VXM_CbRQwY1FTl-di5APz-_FpGXe8hRNScxlV9Mtor_X1d4GI69j2TZk6-B9jJ58VUvwFEmGEB2qoK21ccjsfMDgEicraitLqDQQOnw2cP4BBZY6LQ:1r2RaN:lFiUXLsuFqDt2Q2ywoVA0bcCRBFlLboOdbeXSFT9iTs",
        "expire_date": "2023-11-27T07:42:19.729Z"
    }
},
{
    "model": "sessions.session",
    "pk": "4l925f5o8p515eyhf8zcwxjijuz2pol6",
    "fields": {
        "session_data": "eyJjYXJ0Ijp7IjEzIjp7InF1YW50aXR5IjoxLCJwcmljZSI6IjEzNTkwMDAuMDAifX19:1pm6hX:FYeESk1V6jFtfmN-cBGHaFFUNpuzfuCdtWmYCuByxWU",
        "expire_date": "2023-04-25T05:37:55.093Z"
    }
},
{
    "model": "sessions.session",
    "pk": "4vs6z3aja4ooszdhs10wt5c2dt7yo18o",
    "fields": {
        "session_data": ".eJxVjL0OgyAURt_lzoZcEAo4du8zmMuPlbbBVnFojO_ekri4fMN3Ts4GnuYC3QaizmelXFL5QscbeM_JR-igVYjIEGHfG-hpLWO_LnHuU_hDDqfPkX_GXEF4UL5PzE-5zMmxqrCDLuw2hfi6Hu4pMNIy1qwSsrXGOGeE4W2wRjgRBus0xoCyjUojkTYWrfbkZYiSS4FRDAI1XhTsP0BsRIo:1pmIm9:-l6top5yKuI2rtSpskEX3Ct_RyPhcYvBDbsj2OkErMo",
        "expire_date": "2023-04-25T18:31:29.044Z"
    }
},
{
    "model": "sessions.session",
    "pk": "58klsk3i6kjcjsb2d28kglteofcxp0jg",
    "fields": {
        "session_data": ".eJxVjDEOgzAMAP_iuYqMCU3C2J03ICc2hbYCKcCE-HsViYX17nQHJM4btMf5gJ73bez3VXM_CbRQwY1FTl-di5APz-_FpGXe8hRNScxlV9Mtor_X1d4GI69j2TZk6-B9jJ58VUvwFEmGEB2qoK21ccjsfMDgEicraitLqDQQOnw2cP4BBZY6LQ:1pTc5x:gr8GX0YA9fJpUWN-2GtPBrCcWf1JRm2jcaYQ3m5LEQ4",
        "expire_date": "2023-03-05T05:18:41.145Z"
    }
},
{
    "model": "sessions.session",
    "pk": "5ta1xbrquvufzxe5eb5exlsl28qv03t2",
    "fields": {
        "session_data": "eyJjYXJ0Ijp7fX0:1pJqUK:toi1J-8tjc9X7xGqobEzW2Y0zndfl15oOdeHv7gwaxk",
        "expire_date": "2023-02-06T06:39:28.369Z"
    }
},
{
    "model": "sessions.session",
    "pk": "66rlfca1kneafd9vx53smhxfgqocqd1k",
    "fields": {
        "session_data": "eyJjYXJ0Ijp7fX0:1pJTfR:hszBhGXHjQAkOknJ9JmVjg-EM8ZYwdprXC-eiJy7IxQ",
        "expire_date": "2023-02-05T06:17:25.616Z"
    }
},
{
    "model": "sessions.session",
    "pk": "6pxemry981p9qgehbjyqvakzr6qahvun",
    "fields": {
        "session_data": "eyJjYXJ0Ijp7fX0:1pJpPU:qBt8brPTPNG7py23mRV2OGJ4rp9toBQNihjb5ymALcM",
        "expire_date": "2023-02-06T05:30:24.673Z"
    }
},
{
    "model": "sessions.session",
    "pk": "7pp1o6qzvhss638xqf2m917vl2v0p1d0",
    "fields": {
        "session_data": ".eJxVjDEOgzAMAP_iuYqMCU3C2J03ICc2hbYCKcCE-HsViYX17nQHJM4btMf5gJ73bez3VXM_CbRQwY1FTl-di5APz-_FpGXe8hRNScxlV9Mtor_X1d4GI69j2TZk6-B9jJ58VUvwFEmGEB2qoK21ccjsfMDgEicraitLqDQQOnw2cP4BBZY6LQ:1pJFvb:5IS7YLvZ3LUe5Ul-gjRoevFuvd-Ktr6g1pj65QDd60I",
        "expire_date": "2023-02-04T15:37:11.018Z"
    }
},
{
    "model": "sessions.session",
    "pk": "8ozzatqmr7na0s7i3r1zuo1lgsgudjcm",
    "fields": {
        "session_data": ".eJxVjMsOwiAQAP-FsyHLlgr06N1vaBZ2K1UDSR-npv-uTXrQ68xkNtXTuuR-nWXqR1adMuryyyKll5RD8JPKo-pUyzKNUR-JPu2s75XlfTvbv0GmOR_bFm0TvI_RozcNB48ReQjRgTDYRloHRM4HCC5RsizWWATBAcHBtf1OE02L6rZ9_wDx1zot:1ofR41:nqXFgLFUhRPZYMPW2Zp7a5neV_86QWn7o95zmX0NqvM",
        "expire_date": "2022-10-17T19:25:17.329Z"
    }
},
{
    "model": "sessions.session",
    "pk": "9jrjqmcjyrm4klz1g1jlhoqakf8n25fz",
    "fields": {
        "session_data": ".eJxVjDEOgzAMAP_iuYqMCU3C2J03ICc2hbYCKcCE-HsViYX17nQHJM4btMf5gJ73bez3VXM_CbRQwY1FTl-di5APz-_FpGXe8hRNScxlV9Mtor_X1d4GI69j2TZk6-B9jJ58VUvwFEmGEB2qoK21ccjsfMDgEicraitLqDQQOnw2cP4BBZY6LQ:1pmIN1:ZZb6xnlRvdRngRPpQW0gmr0m8ABwLzMReVvcSfPWt_U",
        "expire_date": "2023-04-25T18:05:31.931Z"
    }
},
{
    "model": "sessions.session",
    "pk": "a0w87z6an29icabhhtgesvt43yvcvhe6",
    "fields": {
        "session_data": ".eJxVjr1uwzAQg9_lZkM4neVI8pi9z2Do51K7DSRHloci8LsnCoICWTiQxEfeIbhSYbyDpKa33aW61D8YZQdrWQLDCNYiokCE4-gg5H3NaVoijNTB5PY6T_vG5eWAhA_Pu_DLqQXxx6XvLEJOtSxetIp4p5v4ypGv53f3AzC7bW7YgVRvjfHekJF9tIY8xYv1Gjmi6nnQ6Jw2Fq0OLqjISipCpguhxtMA_7_Dc6oBEVcugVOF4wGpX1Jf:1pRpP0:FSQu6MiUaz4R6y6B3JctBopqRY6erii4E-Y536fzQW0",
        "expire_date": "2023-02-28T07:06:58.954Z"
    }
},
{
    "model": "sessions.session",
    "pk": "abve162fpqnhwupr31354fe0n99lai8s",
    "fields": {
        "session_data": ".eJxVjsuKwzAMRf9F62JkxantLGc_3xD8UJvMDHbGcRal5N8bl1LoRiCdy9G9Q3ClwnAHSW3-by7Vud5goBMsZQ4MA1iLiAIR9v0Eo9vqNG4rl3GOB5TwcfMu_HJqIP64dM0i5FTL7EWLiBddxXeO_Pf1yn4IJrdOTduT6qwx3hsysovWkKd4sV4jR1Qd9xqd08ai1cEFFVlJRch0IdR47g9pyNuS07OlfG_heNz0C5fAqcL-AO7PUf8:1pO3j4:3QNvBRWYl_R3DNCFmo5zurYRocPSw-jv63jf-aAx6OU",
        "expire_date": "2023-02-17T21:36:06.274Z"
    }
},
{
    "model": "sessions.session",
    "pk": "aqb03y9q996ua82oweybc5at8lk6z59e",
    "fields": {
        "session_data": ".eJxVjDEOgzAMAP_iuYqMCU3C2J03ICc2hbYCKcCE-HsViYX17nQHJM4btMf5gJ73bez3VXM_CbRQwY1FTl-di5APz-_FpGXe8hRNScxlV9Mtor_X1d4GI69j2TZk6-B9jJ58VUvwFEmGEB2qoK21ccjsfMDgEicraitLqDQQOnw2cP4BBZY6LQ:1pJ8ai:5NPV676HMfEyKnOBrbK_8wTzPA9QdeAarR7Nktuz_XM",
        "expire_date": "2023-02-04T07:47:08.583Z"
    }
},
{
    "model": "sessions.session",
    "pk": "aysl7540mdveehpaiuj1ry0smvfjdm1l",
    "fields": {
        "session_data": "eyJjYXJ0Ijp7IjEyIjp7InF1YW50aXR5IjoxLCJwcmljZSI6Ijk5MDAwLjY0In19fQ:1pTeD1:iJLiyNGVNT1nmdm2TCuDURkSNfpMtphPzsNuHSOadDk",
        "expire_date": "2023-03-05T07:34:07.712Z"
    }
},
{
    "model": "sessions.session",
    "pk": "betkwlxaa0xdexqpfg7cap9txjz58wa6",
    "fields": {
        "session_data": "eyJjYXJ0Ijp7fX0:1r7cVr:j-lG0z-XfsU6Y2KnWNtoBPqk_EXCHkDaKeHHVRPXnzE",
        "expire_date": "2023-12-11T14:23:03.882Z"
    }
},
{
    "model": "sessions.session",
    "pk": "byc3hdpxpdxgw5pjfzwcbfy097ho9mqu",
    "fields": {
        "session_data": ".eJxVjL0OgyAURt_lzoZcEAs4du8zmMuPlbbBFnFojO_ekri4fMN3Ts4GjnKBfgNe57NSKrF8oecNvHN0AXoQyBBh3xsYaC3TsC4hD9H_CYfTZ8k9Q6rAPyjdZ-bmVHK0rCrsoAu7zT68rod7Cky0TDXbCdkara3VQvPWGy2s8KOxCoNH2YZOIZHSBo1y5KQPkkuBQYwCFV462H-zdkPz:1pMSC9:2yvrkUXgXW0XH-12h5t-uJ7DyPdcC1QQbMRfuzO2A8o",
        "expire_date": "2023-02-13T11:19:29.829Z"
    }
},
{
    "model": "sessions.session",
    "pk": "c7t81nn62zy2f447g64f9x7rttqusgbg",
    "fields": {
        "session_data": "eyJjYXJ0Ijp7fX0:1pM8mn:vd2Dm7hYftgBbLYOVjyZMprGVSratG-Kt5pa-2GyBwg",
        "expire_date": "2023-02-12T14:36:01.129Z"
    }
},
{
    "model": "sessions.session",
    "pk": "d255qiwfcy1bjf9c3g7cdvd6n6x3749y",
    "fields": {
        "session_data": ".eJx1zE0KwjAQhuG7zFrCZJo0SZfuPUOZ_Gir0mqbLqR4dw0oouBmFvM-fCsEnjI0K0gq97rwkPt8g4Y2cJn6kKAB5xBR1AruG_hR8qMqXRRiUVL_ZbrGt3vClpfctcucpraPzyrh6-c5nNJQQjzycBhFGIc89V4UIl51FrsxpvP2Zb8GOp67MqtJVc5a7y1ZWUVnyVPcO28wRVRV0gaZjXXoTOCgYlJSESbaExqsNdwff_paSQ:1pS9nd:_2Ww4Qfw3wU-k63pW9vcY51-VoWUrp2AFPFKgmjZlvs",
        "expire_date": "2023-03-01T04:53:45.468Z"
    }
},
{
    "model": "sessions.session",
    "pk": "elb2jh1dmmrz4gafeh4toxdfrc8liyyo",
    "fields": {
        "session_data": ".eJxVjjsOgzAQBe_iOrLWi8F2yvQ5A1p7l0A-tmSginL3gESRtPNGo_dWPa3L2K-z1H5idVZGnX5ZpPSQvA98p3wrOpW81CnqXdHHOutrYXleDvcvMNI87tkWbRO8j9GjNw0HjxF5CNGBMNhGWgdEzgcILlGyLNZYBMEBwUHXblF6lTUvWysEANCd3VipfBw38PkCpzVAUA:1pTcKM:Q1-_MC4d-58HcqcE2VRz8IW2wciRjya-a2TzTN3vyU8",
        "expire_date": "2023-03-05T05:33:34.263Z"
    }
},
{
    "model": "sessions.session",
    "pk": "eu0muuvyrgsj5sgsb7fuiki53w48qxlx",
    "fields": {
        "session_data": ".eJxVjMsOwiAQAP-FsyHLlgr06N1vaBZ2K1UDSR-npv-uTXrQ68xkNtXTuuR-nWXqR1adMuryyyKll5RD8JPKo-pUyzKNUR-JPu2s75XlfTvbv0GmOR_bFm0TvI_RozcNB48ReQjRgTDYRloHRM4HCC5RsizWWATBAcHBtf1OE02L6rZ9_wDx1zot:1pmIHW:JDUeIioTDpowrM-S7jv8jvpGo1bEwUaJI_ka65YZF10",
        "expire_date": "2023-04-25T17:59:50.999Z"
    }
},
{
    "model": "sessions.session",
    "pk": "f1wcvgk1z8332gmnr0po06rr82kcasmo",
    "fields": {
        "session_data": ".eJxVjMEOgyAQBf-Fc0MEBRaPvfcbDCxLsW0gAT0Z_72aeGivb-bNxia3LmlaG9VpDmxklt1-N-_wTfkE4eXys3Aseamz56fCL9r4owT63C_3L5BcS8fbICmyoEF7IGkQfNSyN0INUQZhO2mkRjuICAjYIQSjROyFQLLYS6OOKLq6sHHb9y8NKjqG:1pJ8fV:frxZ_oy-tZ5c3XosFkaMGVg8lpVE5zPZ4OZRnKAtc48",
        "expire_date": "2023-02-04T07:52:05.241Z"
    }
},
{
    "model": "sessions.session",
    "pk": "gtmyil9sh50i6r4n67do3w0uvxgvlcdg",
    "fields": {
        "session_data": "eyJjYXJ0Ijp7IjEiOnsicXVhbnRpdHkiOjEsInByaWNlIjoiMjAuMDAifX19:1pHnbr:9clt9b22c9bqyT3rrOxwfEfMmHTi5Wm4OQnWCwtq-tA",
        "expire_date": "2023-01-31T15:10:47.717Z"
    }
},
{
    "model": "sessions.session",
    "pk": "gx1s6926up93k4ctyscpg4pi4pq0ljfw",
    "fields": {
        "session_data": "eyJjYXJ0Ijp7fX0:1r8CpX:mRxd9hQ3yP6RwdNWrV0lLYUSfqqpXzl5EuM8vaJF9Ww",
        "expire_date": "2023-12-13T05:09:47.256Z"
    }
},
{
    "model": "sessions.session",
    "pk": "hnh7enq68pupsfjm4kl9g549m41do4z2",
    "fields": {
        "session_data": "eyJjYXJ0Ijp7fX0:1pM8lJ:azT7mMGJ0Aixv60Q6t5AnhFOFXbUnuZlW6RjeSpPP8M",
        "expire_date": "2023-02-12T14:34:29.084Z"
    }
},
{
    "model": "sessions.session",
    "pk": "i0bdx1noes6jrr20wtz5gzrbx8qxd2o8",
    "fields": {
        "session_data": ".eJxVjL0OgyAURt_lzoZcEAUcu_cZzOXHSttgizg0xndvSbq4fMN3Ts4OjnKBYQcu6r43SiWWDwy8gVeOLsAAxiAi6yUcRwMjbWUetzXkMfof5HD6LLlHSBX4O6XbwtySSo6WVYX96cquiw_Py989BWZa55rthGyN1tZqoXnrjRZW-MlYhcGjbEOnkEhpg0Y5ctIHyaXAICaBCvsOji95okTP:1pSDEn:bBRA3Kts1uVKPdG5ONo0kFIDdunUzbnU8bj7XnYAPhE",
        "expire_date": "2023-03-01T08:34:01.285Z"
    }
},
{
    "model": "sessions.session",
    "pk": "jgsxbq7zinj5hhsewlefkha1su2xb4zc",
    "fields": {
        "session_data": ".eJxVjssOgyAQRf-FdUOGVwGX3fcbzMBgtQ9JEFfGf68kbtyee3JyNxaxVNZt-431uNaxX5dU-olYxwS7sIDxk-Y20BvnV-Yxz7VMgTeFn-vCn5nS93G6l8CIy9iyRmrlnQvBSScUeSeDpMEHC4lAq2QsIFrnwduIUVPSQktIcpBg4W6OKP7yOtfWUsYDAAc4aC50Xrdi_wPhuUP5:1r6qGN:p4vcRBiv7OnpZdbpMHv-ijmw0uWcc9ikBGKOGUArq8w",
        "expire_date": "2023-12-09T10:51:51.373Z"
    }
},
{
    "model": "sessions.session",
    "pk": "k3dln1wzenikc9cgngof82chi2xr960k",
    "fields": {
        "session_data": "eyJjYXJ0Ijp7fX0:1of096:XqFN8TX3QX5HiPW-hvTUNW5MaRIeNfGDInc5A_SxM6s",
        "expire_date": "2022-10-16T14:40:44.676Z"
    }
},
{
    "model": "sessions.session",
    "pk": "k7gxju3m5w814kou0bta0l0bel7ovj6b",
    "fields": {
        "session_data": ".eJxVjDEOgzAMAP_iuYqMCU3C2J03ICc2hbYCKcCE-HsViYX17nQHJM4btMf5gJ73bez3VXM_CbRQwY1FTl-di5APz-_FpGXe8hRNScxlV9Mtor_X1d4GI69j2TZk6-B9jJ58VUvwFEmGEB2qoK21ccjsfMDgEicraitLqDQQOnw2cP4BBZY6LQ:1pJUAK:HngUjHZM4kk6uBWRCrb0g3DLXpL3-3fRvuoysyAblkY",
        "expire_date": "2023-02-05T06:49:20.843Z"
    }
},
{
    "model": "sessions.session",
    "pk": "kio5xmpojv1xtwvfc2pt0i7hi0zy2wgf",
    "fields": {
        "session_data": ".eJxVjkEOgjAQRe_StWmGodjWpXvPQKadQVDSGqArwt0Vw4btfy8vf1WRpkXd1u2iWipL35ZZpnZgdVOVOm2B4lvSDvhF6Zl1zGmZhqB3RR901o_MMt4P9xToae73bIOm9s6F4NBVNXuHAbnzwYIwmFoaC0TWefA2UjQspjIIgh2ChWvzi8ZcPjn9X6YyjtsXFXhAUg:1pS9KO:FHkMeUbb04TqMJEDn9_njN0NiyVU-rU7YXoRY-PDaDk",
        "expire_date": "2023-03-01T04:23:32.371Z"
    }
},
{
    "model": "sessions.session",
    "pk": "ksek7u8jckrg5h6umg0r1w3j8pc9i40m",
    "fields": {
        "session_data": "eyJjYXJ0Ijp7fX0:1pJFdO:MpfIQT2Jfqlun8yTCJMcthsd6HwgOJAiOS5uQhYPH6Y",
        "expire_date": "2023-02-04T15:18:22.288Z"
    }
},
{
    "model": "sessions.session",
    "pk": "lpnc3azk22sil4eowqbo4ilts1r7remz",
    "fields": {
        "session_data": "eyJjYXJ0Ijp7fX0:1r7wIM:Voo_vhZl9cbyPeV-542lN7E1sLkw7v9m6LiTaZ8avY8",
        "expire_date": "2023-12-12T11:30:26.315Z"
    }
},
{
    "model": "sessions.session",
    "pk": "nauypmqa533z48z7kt4j4gdhhsp5x9af",
    "fields": {
        "session_data": ".eJxVjDEOgzAMAP_iuYqMCU3C2J03ICc2hbYCKcCE-HsViYX17nQHJM4btMf5gJ73bez3VXM_CbRQwY1FTl-di5APz-_FpGXe8hRNScxlV9Mtor_X1d4GI69j2TZk6-B9jJ58VUvwFEmGEB2qoK21ccjsfMDgEicraitLqDQQOnw2cP4BBZY6LQ:1rAUwl:N5RVHtAXk6-u4TOLOiVbTBMSgHxQ6gXNHmOdC4v5sd4",
        "expire_date": "2023-12-19T12:54:43.949Z"
    }
},
{
    "model": "sessions.session",
    "pk": "nndarum249iks7s6819a9lg1u2gl8ea4",
    "fields": {
        "session_data": ".eJxVjL0OgyAURt_lzoZcEAUcu_cZzOXHSttgizg0xndvSbq4fMN3Ts4OjnKBYQcu6r43SiWWDwxtA68cXYABjEFE1ks4jgZG2so8bmvIY_Q_yOH0WXKPkCrwd0q3hbkllRwtqwr705VdFx-el797Csy0zjXbCdkara3VQvPWGy2s8JOxCoNH2YZOIZHSBo1y5KQPkkuBQUwCFfYdHF97JETR:1pTbN8:u6CutpihOYiFQWiSuNO8hkvslQN0_WebQmXhIqQif3c",
        "expire_date": "2023-03-05T04:32:22.745Z"
    }
},
{
    "model": "sessions.session",
    "pk": "ougagby0hecmt777yubka3tk0iar68fo",
    "fields": {
        "session_data": ".eJxVjDsOgzAQBe-yNbIWY2KbMn3OgNafBJLIJmAXEeLuiRENzSvejGYFS3OCboW6zCdTSGP6QldXMM2j9dABR4YI21aBjXmKoR_dznvKaejz4uf9-RdOnyH78qEA96TwiMzGkObRsKKwgy7sFp1_Xw_3FBhoGUq25aLRShmjuKobpxU33N21kegdisa3Eomk0qilJSucF7Xg6Pmdo8RLC9sPpgBIjg:1pLOKI:vzEupRNaY92MZ2PdvMD_uW-ECovHWg3T6uIeeh2fGig",
        "expire_date": "2023-02-10T12:59:30.539Z"
    }
},
{
    "model": "sessions.session",
    "pk": "p0zy8780wak14oebx0v96uugih6zba7d",
    "fields": {
        "session_data": "eyJjYXJ0Ijp7fX0:1pLVCJ:ctS55gMCMtUNebQTnhURhmH_tJyBfUBbFFI6mN38lAE",
        "expire_date": "2023-02-10T20:19:43.903Z"
    }
},
{
    "model": "sessions.session",
    "pk": "pwomileq9kn4s3zhbrxalq17vy7ul9g7",
    "fields": {
        "session_data": "eyJjYXJ0Ijp7fX0:1pJTO2:b16vkOTeRbRx2X3SczxJFI7uRWpZc1GeepKHxrSExVQ",
        "expire_date": "2023-02-05T05:59:26.162Z"
    }
},
{
    "model": "sessions.session",
    "pk": "qd2vknxf8sfi357jh4p4i8g4xgvuobi6",
    "fields": {
        "session_data": ".eJxVjjsOwjAQRO-yNbI2joPtlPScIVp_QgKRHRy7QCh3ByOabDHFvNHTvsFSytC_oZE1n4VCnvMLen6CNc3WQw-N6vB7DBH2_QQDlTwNZfNpmF3FcOgM2YcPFbg7hVtkNoacZsPqhP3pxq7R-eXy3x4EE21T1XZctFopYxRXTeu04oa7URuJ3qFofSeRSCqNWlqywnnRCI6ejxwlnruv1MayxvD7MpRl2T-bSUtM:1pMXtu:iWPqkDmCaXq74fCxR2nCjhVAe5dI1cokSA8N4vOHdmQ",
        "expire_date": "2023-02-13T17:25:02.392Z"
    }
},
{
    "model": "sessions.session",
    "pk": "qnb8nk0bz7qjy8wzkklddusiwsjmzhmd",
    "fields": {
        "session_data": "eyJjYXJ0Ijp7fX0:1of15I:vsjve4ohimDby6TzEBkAi9TnW2PcRmPmzUe_h1nrrIk",
        "expire_date": "2022-10-16T15:40:52.078Z"
    }
},
{
    "model": "sessions.session",
    "pk": "qvgpdhihuv8coy0ovll6btsmc2cpbruf",
    "fields": {
        "session_data": "eyJjYXJ0Ijp7fX0:1pM9Ep:qK-jRuwxLWQWQln9iaUjVSp-7jPtrkcVJH2V9W1HjjA",
        "expire_date": "2023-02-12T15:04:59.828Z"
    }
},
{
    "model": "sessions.session",
    "pk": "svov818leelnlwvzej4iaxohl0ct70nv",
    "fields": {
        "session_data": ".eJxVjDEOgzAMAP_iuYqMCU3C2J03ICc2hbYCKcCE-HsViYX17nQHJM4btMf5gJ73bez3VXM_CbRQwY1FTl-di5APz-_FpGXe8hRNScxlV9Mtor_X1d4GI69j2TZk6-B9jJ58VUvwFEmGEB2qoK21ccjsfMDgEicraitLqDQQOnw2cP4BBZY6LQ:1pHgHT:4kDPfwm-wHXZgVKtusVNMy9Juo5FhFCXwyIjOJpKmRA",
        "expire_date": "2023-01-31T07:21:15.168Z"
    }
},
{
    "model": "sessions.session",
    "pk": "u2yvxkx1xfskr8hfzq38xbzfnaiw75ey",
    "fields": {
        "session_data": "eyJjYXJ0Ijp7fX0:1pJzHy:z3Wq3ZdQylSJePx1S7X2Jyfe5Ac2eI3sAFwdZ_GQSj4",
        "expire_date": "2023-02-06T16:03:18.024Z"
    }
},
{
    "model": "sessions.session",
    "pk": "vg9khghgn120qss5x53nxzgmvc83rxb8",
    "fields": {
        "session_data": "eyJjYXJ0Ijp7fX0:1pM8kP:mJUrPjuqQL4NgpL85QKzTPqYloH6CvB1L4MIMDoIe5E",
        "expire_date": "2023-02-12T14:33:33.253Z"
    }
},
{
    "model": "sessions.session",
    "pk": "vn1on0oof9hz8aw8ahf1r4qsz6vuo6an",
    "fields": {
        "session_data": "eyJjYXJ0Ijp7fX0:1opAQ8:g9-N-DyXSty1tovWJLP_hol10lwylXMvxWgbWOeK0sw",
        "expire_date": "2022-11-13T15:40:20.214Z"
    }
},
{
    "model": "sessions.session",
    "pk": "wmfeljk1lc7xpxi83scz3dzf8t2k7r05",
    "fields": {
        "session_data": ".eJyrVkpOLCpRsqpWMgQRhaWJeSWZJZVKVoY6SgVFmcmpSlZKRgZ6BgZKtbU6Ssn5pQX5efGZKWB5KC85PwWkyhCkBgDfKBiH:1pMDfU:YowN7mA7rEnie_ybmbCJu8HONUZJW1nE-5Nz3e33xoE",
        "expire_date": "2023-02-12T19:48:48.902Z"
    }
},
{
    "model": "sessions.session",
    "pk": "yd2g7s7bz2vv9w2hs29qatwf92mwlu5d",
    "fields": {
        "session_data": ".eJxVjDEOgzAMRe_iuYqSYAgwducMyHacQluBRGBC3L1FYmH9772_g9CyQrsfD-hpW4d-y7r0Y4QWnIfbyCQfnU4S3zS9ZiPztC4jm1MxF82mm6N-n5d7OxgoD_-aQu1LbrwqclPYoBUnxEoiWalLZQ4J1YpDn1Bc8midhgKFaywLDATHD19vO3c:1pJaq3:dLtusmFsWSSuUMbcCy1giMRF206uw9j_5PeYCM_j4SI",
        "expire_date": "2023-02-05T13:56:51.618Z"
    }
},
{
    "model": "sessions.session",
    "pk": "zt9edkee6d9nd4mcdrro817ertcr4ace",
    "fields": {
        "session_data": "eyJjYXJ0Ijp7fX0:1r8HLS:oiiJMTHKnjwe35i2tRmjKaLLmiKsNWJPG0uVk_o7WFg",
        "expire_date": "2023-12-13T09:59:02.315Z"
    }
},
{
    "model": "sessions.session",
    "pk": "ztrg221onn2oo479411o3mjee33h9so3",
    "fields": {
        "session_data": ".eJxVjssOgyAQRf-FtSHDCAW67L7fYAYGq31Igroy_nsxcdFuz7k5uZvoaF2Gbp1T6UYWV6FE88sCxVeaDsFPmh5ZxjwtZQzymMjTzvKeOb1v5_YvMNA8HFmDuvXOheDQqZa9w4Dc-2AhMeg2GQtE1nnwNlLUnLTSCAl7BAsXU6P0yeu01BYaAJAAleXC53GlGhGpVL_t-xc2tEOI:1pTcaq:y6PEX9fR5UMpn-bBIzb2UfLUKritg6shRPXgwoph96U",
        "expire_date": "2023-03-05T05:50:36.786Z"
    }
},
{
    "model": "accounts.customuser",
    "pk": 1,
    "fields": {
        "password": "pbkdf2_sha256$260000$M5H7HamPvNZ0zaW8EdL72C$Ej5L1XjPjG/hgQacxL5/h9Z+51DdFP7fKY8oYa8dDCw=",
        "last_login": "2023-12-05T12:07:34.187Z",
        "is_superuser": true,
        "username": "admin@localhost",
        "is_staff": true,
        "is_active": true,
        "date_joined": "2022-10-02T12:14:50Z",
        "create_at": "2022-10-02T12:14:50.949Z",
        "updated_at": "2023-11-28T11:30:05.520Z",
        "full_name": "admin",
        "nick_name": "admin",
        "email": "admin@localhost",
        "phone": "09122222345",
        "address": "تهران - فرشته",
        "avatar": "users/12dfef2e-7b56-4c41-b75b-16ac3afd1501.png",
        "groups": [],
        "user_permissions": []
    }
},
{
    "model": "accounts.customuser",
    "pk": 4,
    "fields": {
        "password": "pbkdf2_sha256$260000$3MnjfUIU61E5Uj8Q4fJ05H$BqC9Uzqn4HNgMu/ExYYGhYZk2WOLgfpiOj9yYaYhSK8=",
        "last_login": "2022-10-02T15:37:11.318Z",
        "is_superuser": false,
        "username": "mamad@gmail.com",
        "is_staff": false,
        "is_active": true,
        "date_joined": "2022-10-02T15:36:36.312Z",
        "create_at": "2022-10-02T15:37:01.501Z",
        "updated_at": "2023-11-14T15:01:49.755Z",
        "full_name": "ممد ممدیان",
        "nick_name": null,
        "email": "mamad@gmail.com",
        "phone": null,
        "address": null,
        "avatar": "",
        "groups": [],
        "user_permissions": []
    }
},
{
    "model": "accounts.customuser",
    "pk": 5,
    "fields": {
        "password": "pbkdf2_sha256$260000$Ld3xVmsNVUBvTlF7mpAJNK$z6cCuCDor+Oc7wdbyWANw2o4GidRMasvIOkmmpMQD3E=",
        "last_login": "2022-10-02T15:39:50.086Z",
        "is_superuser": false,
        "username": "mamad2@gmail.com",
        "is_staff": false,
        "is_active": true,
        "date_joined": "2022-10-02T15:39:49.601Z",
        "create_at": "2022-10-02T15:39:49.847Z",
        "updated_at": "2022-10-02T15:39:49.847Z",
        "full_name": "ممد ممدیان",
        "nick_name": null,
        "email": "mamad2@gmail.com",
        "phone": null,
        "address": null,
        "avatar": "",
        "groups": [],
        "user_permissions": []
    }
},
{
    "model": "accounts.customuser",
    "pk": 6,
    "fields": {
        "password": "pbkdf2_sha256$260000$WwOQIwQrpH41SCM4sKufSN$fP2eNz6tWPWgoj5owVrWoIbkKRgQoVzthOP8sesZzIY=",
        "last_login": "2022-10-03T18:59:20.832Z",
        "is_superuser": false,
        "username": "mamad3@gmail.com",
        "is_staff": false,
        "is_active": true,
        "date_joined": "2022-10-03T06:34:24.054Z",
        "create_at": "2022-10-03T06:34:24.292Z",
        "updated_at": "2022-10-03T19:00:18.094Z",
        "full_name": "ممد ممدیان",
        "nick_name": null,
        "email": "mamad3@gmail.com",
        "phone": null,
        "address": null,
        "avatar": "",
        "groups": [],
        "user_permissions": []
    }
},
{
    "model": "accounts.customuser",
    "pk": 10,
    "fields": {
        "password": "pbkdf2_sha256$260000$VfB4YixY0Mot06H4FnUDVV$Zt+M6kPc/bwXRJLBwc0MqgI0yu8F9CnKWdrBbzjzoWM=",
        "last_login": "2023-01-21T14:10:02.579Z",
        "is_superuser": false,
        "username": "admin@site.com",
        "is_staff": false,
        "is_active": true,
        "date_joined": "2023-01-21T14:10:02.034Z",
        "create_at": "2023-01-21T14:10:02.295Z",
        "updated_at": "2023-01-21T14:19:11.884Z",
        "full_name": "جهان",
        "nick_name": "جهان",
        "email": "admin@site.com",
        "phone": null,
        "address": null,
        "avatar": "",
        "groups": [],
        "user_permissions": []
    }
},
{
    "model": "accounts.customuser",
    "pk": 12,
    "fields": {
        "password": "pbkdf2_sha256$260000$9CM4IWc4Yu66mUfk1opgoS$tLl7lvaN2mksJOw7jD09faNlYZ5rnA9yEkJYK7kBzTU=",
        "last_login": "2023-01-22T13:39:30.264Z",
        "is_superuser": false,
        "username": "admin2@site.com",
        "is_staff": false,
        "is_active": true,
        "date_joined": "2023-01-22T13:39:29.724Z",
        "create_at": "2023-01-22T13:39:29.980Z",
        "updated_at": "2023-01-22T13:56:46.615Z",
        "full_name": "جهان",
        "nick_name": "جهان",
        "email": "admin3@site.com",
        "phone": null,
        "address": null,
        "avatar": "users/37d87017-bd99-4c91-8f12-4ff5342bc6a8.jpg",
        "groups": [],
        "user_permissions": []
    }
},
{
    "model": "accounts.customuser",
    "pk": 13,
    "fields": {
        "password": "pbkdf2_sha256$260000$3wvGMZgcUB6ewCdAcyzNpj$Bzjgbl0VgmMI6xqtkPzPy6crmUH2YlXPn8qXVrXlgLg=",
        "last_login": "2023-04-11T17:38:57.468Z",
        "is_superuser": false,
        "username": "superhasan@gmail.com",
        "is_staff": false,
        "is_active": true,
        "date_joined": "2023-04-11T17:38:56.922Z",
        "create_at": "2023-04-11T17:38:57.228Z",
        "updated_at": "2023-04-11T17:38:57.228Z",
        "full_name": "hasan",
        "nick_name": "hasan",
        "email": "superhasan@gmail.com",
        "phone": null,
        "address": null,
        "avatar": "",
        "groups": [],
        "user_permissions": []
    }
},
{
    "model": "shop.category",
    "pk": 6,
    "fields": {
        "create_at": "2023-01-30T13:55:24.942Z",
        "updated_at": "2023-01-30T13:55:24.942Z",
        "name": "لوازم ورزشی",
        "slug": "sport-stuff"
    }
},
{
    "model": "shop.category",
    "pk": 7,
    "fields": {
        "create_at": "2023-01-30T13:55:39.223Z",
        "updated_at": "2023-01-30T13:55:39.223Z",
        "name": "لوازم زنانه",
        "slug": "woman-stuff"
    }
},
{
    "model": "shop.category",
    "pk": 8,
    "fields": {
        "create_at": "2023-01-30T13:56:01.381Z",
        "updated_at": "2023-01-30T13:56:01.381Z",
        "name": "پوشاک زنانه",
        "slug": "women-dresses"
    }
},
{
    "model": "shop.category",
    "pk": 9,
    "fields": {
        "create_at": "2023-01-30T13:56:16.025Z",
        "updated_at": "2023-01-30T13:56:16.025Z",
        "name": "پوشاک مردانه",
        "slug": "men-clothes"
    }
},
{
    "model": "shop.category",
    "pk": 10,
    "fields": {
        "create_at": "2023-01-30T13:56:29.221Z",
        "updated_at": "2023-01-30T13:56:29.221Z",
        "name": "لوازم آشپزخانه",
        "slug": "kitchen-stuff"
    }
},
{
    "model": "shop.category",
    "pk": 11,
    "fields": {
        "create_at": "2023-01-30T17:20:38.366Z",
        "updated_at": "2023-01-30T17:20:38.366Z",
        "name": "لوازم خانه",
        "slug": "house-stuff"
    }
},
{
    "model": "shop.product",
    "pk": 2,
    "fields": {
        "create_at": "2023-01-30T13:58:01.501Z",
        "updated_at": "2023-01-30T17:00:42.305Z",
        "category": 10,
        "name": "ساعت دیواری",
        "slug": "wall-clock",
        "image": "products/2023/01/30/13.png",
        "description": "لورم ایپسوم متن ساختگی با تولید سادگی نامفهوم از صنعت چاپ، و با استفاده از طراحان گرافیک است، چاپگرها و متون بلکه روزنامه و مجله در ستون و سطرآنچنان که لازم است، و برای شرایط فعلی تکنولوژی مورد نیاز، و کاربردهای متنوع با هدف بهبود ابزارهای کاربردی می باشد، کتابهای زیادی در شصت و سه درصد گذشته حال و آینده، شناخت فراوان جامعه و متخصصان را می طلبد، تا با نرم افزارها شناخت بیشتری را برای طراحان رایانه ای علی الخصوص طراحان خلاقی، و فرهنگ پیشرو در زبان فارسی ایجاد کرد، در این صورت می توان امید داشت که تمام و دشواری موجود در ارائه راهکارها، و شرایط سخت تایپ به پایان رسد و زمان مورد نیاز شامل حروفچینی دستاوردهای اصلی، و جوابگوی سوالات پیوسته اهل دنیای موجود طراحی اساسا مورد استفاده قرار گیرد.",
        "price": "35000.00",
        "available": true
    }
},
{
    "model": "shop.product",
    "pk": 3,
    "fields": {
        "create_at": "2023-01-30T13:58:53.009Z",
        "updated_at": "2023-01-30T13:58:53.009Z",
        "category": 10,
        "name": "چراغ مطالعه",
        "slug": "study-lamp",
        "image": "products/2023/01/30/1.png",
        "description": "لورم ایپسوم متن ساختگی با تولید سادگی نامفهوم از صنعت چاپ، و با استفاده از طراحان گرافیک است، چاپگرها و متون بلکه روزنامه و مجله در ستون و سطرآنچنان که لازم است، و برای شرایط فعلی تکنولوژی مورد نیاز، و کاربردهای متنوع با هدف بهبود ابزارهای کاربردی می باشد، کتابهای زیادی در شصت و سه درصد گذشته حال و آینده، شناخت فراوان جامعه و متخصصان را می طلبد، تا با نرم افزارها شناخت بیشتری را برای طراحان رایانه ای علی الخصوص طراحان خلاقی، و فرهنگ پیشرو در زبان فارسی ایجاد کرد، در این صورت می توان امید داشت که تمام و دشواری موجود در ارائه راهکارها، و شرایط سخت تایپ به پایان رسد و زمان مورد نیاز شامل حروفچینی دستاوردهای اصلی، و جوابگوی سوالات پیوسته اهل دنیای موجود طراحی اساسا مورد استفاده قرار گیرد.",
        "price": "68000.00",
        "available": true
    }
},
{
    "model": "shop.product",
    "pk": 4,
    "fields": {
        "create_at": "2023-01-30T13:59:42.879Z",
        "updated_at": "2023-01-30T13:59:42.879Z",
        "category": 10,
        "name": "کاناپه",
        "slug": "sofa",
        "image": "products/2023/01/30/2.png",
        "description": "لورم ایپسوم متن ساختگی با تولید سادگی نامفهوم از صنعت چاپ، و با استفاده از طراحان گرافیک است، چاپگرها و متون بلکه روزنامه و مجله در ستون و سطرآنچنان که لازم است، و برای شرایط فعلی تکنولوژی مورد نیاز، و کاربردهای متنوع با هدف بهبود ابزارهای کاربردی می باشد، کتابهای زیادی در شصت و سه درصد گذشته حال و آینده، شناخت فراوان جامعه و متخصصان را می طلبد، تا با نرم افزارها شناخت بیشتری را برای طراحان رایانه ای علی الخصوص طراحان خلاقی، و فرهنگ پیشرو در زبان فارسی ایجاد کرد، در این صورت می توان امید داشت که تمام و دشواری موجود در ارائه راهکارها، و شرایط سخت تایپ به پایان رسد و زمان مورد نیاز شامل حروفچینی دستاوردهای اصلی، و جوابگوی سوالات پیوسته اهل دنیای موجود طراحی اساسا مورد استفاده قرار گیرد.لورم ایپسوم متن ساختگی با تولید سادگی نامفهوم از صنعت چاپ، و با استفاده از طراحان گرافیک است، چاپگرها و متون بلکه روزنامه و مجله در ستون و سطرآنچنان که لازم است، و برای شرایط فعلی تکنولوژی مورد نیاز، و کاربردهای متنوع با هدف بهبود ابزارهای کاربردی می باشد، کتابهای زیادی در شصت و سه درصد گذشته حال و آینده، شناخت فراوان جامعه و متخصصان را می طلبد، تا با نرم افزارها شناخت بیشتری را برای طراحان رایانه ای علی الخصوص طراحان خلاقی، و فرهنگ پیشرو در زبان فارسی ایجاد کرد، در این صورت می توان امید داشت که تمام و دشواری موجود در ارائه راهکارها، و شرایط سخت تایپ به پایان رسد و زمان مورد نیاز شامل حروفچینی دستاوردهای اصلی، و جوابگوی سوالات پیوسته اهل دنیای موجود طراحی اساسا مورد استفاده قرار گیرد.",
        "price": "2490000.00",
        "available": true
    }
},
{
    "model": "shop.product",
    "pk": 5,
    "fields": {
        "create_at": "2023-01-30T14:00:35.864Z",
        "updated_at": "2023-01-30T17:20:13.866Z",
        "category": 10,
        "name": "صندلی کنار کانتر",
        "slug": "counter-chair",
        "image": "products/2023/01/30/3.png",
        "description": "لورم ایپسوم متن ساختگی با تولید سادگی نامفهوم از صنعت چاپ و با استفاده از طراحان گرافیک است چاپگرها و متون بلکه روزنامه و مجله در ستون و سطرآنچنان که لازم است و برای شرایط فعلی تکنولوژی مورد نیاز و کاربردهای متنوع با هدف بهبود ابزارهای کاربردی می باشد کتابهای زیادی در شصت و سه درصد گذشته حال و آینده شناخت فراوان جامعه و متخصصان را می طلبد تا با نرم افزارها شناخت بیشتری را برای طراحان رایانه ای علی الخصوص طراحان خلاقی و فرهنگ پیشرو در زبان فارسی ایجاد کرد",
        "price": "249000.00",
        "available": true
    }
},
{
    "model": "shop.product",
    "pk": 6,
    "fields": {
        "create_at": "2023-01-30T14:01:24.487Z",
        "updated_at": "2023-01-30T14:01:24.488Z",
        "category": 7,
        "name": "کلاه ساحلی زنانه",
        "slug": "beach-hat",
        "image": "products/2023/01/30/11.png",
        "description": "لورم ایپسوم متن ساختگی با تولید سادگی نامفهوم از صنعت چاپ و با استفاده از طراحان گرافیک است چاپگرها و متون بلکه روزنامه و مجله در ستون و سطرآنچنان که لازم است و برای شرایط فعلی تکنولوژی مورد نیاز و کاربردهای متنوع با هدف بهبود ابزارهای کاربردی می باشد کتابهای زیادی در شصت و سه درصد گذشته حال و آینده شناخت فراوان جامعه و متخصصان را می طلبد",
        "price": "35000.00",
        "available": true
    }
},
{
    "model": "shop.product",
    "pk": 7,
    "fields": {
        "create_at": "2023-01-30T16:40:24.845Z",
        "updated_at": "2023-04-08T22:20:34.010Z",
        "category": 9,
        "name": "تی شرت بیرونی",
        "slug": "outside-Tshirt",
        "image": "products/2023/01/30/4.png",
        "description": "لورم ایپسوم متن ساختگی با تولید سادگی نامفهوم از صنعت چاپ و با استفاده از طراحان گرافیک است چاپگرها و متون بلکه روزنامه و مجله در ستون و سطرآنچنان که لازم است و برای شرایط فعلی تکنولوژی مورد نیاز و کاربردهای متنوع با هدف بهبود ابزارهای کاربردی می باشد کتابهای زیادی در شصت و سه درصد گذشته حال و آینده شناخت فراوان جامعه و متخصصان را می طلبد تا با نرم افزارها شناخت بیشتری را برای طراحان رایانه ای علی الخصوص طراحان خلاقی و فرهنگ پیشرو در زبان فارسی ایجاد کرد در این صورت می توان امید داشت که تمام و دشواری موجود در ارائه راهکارها و شرایط سخت تایپ به پایان رسد و زمان مورد نیاز شامل حروفچینی دستاوردهای اصلی و جوابگوی سوالات پیوسته اهل دنیای موجود طراحی اساسا مورد استفاده قرار گیرد. و جوابگوی سوالات پیوسته اهل دنیای موجود طراحی اساسا مورد استفاده قرار گیرد. و جوابگوی سوالات پیوسته اهل دنیای موجود طراحی اساسا مورد استفاده قرار گیرد.",
        "price": "120000.00",
        "available": true
    }
},
{
    "model": "shop.product",
    "pk": 8,
    "fields": {
        "create_at": "2023-01-30T16:41:00.975Z",
        "updated_at": "2023-01-30T16:41:00.975Z",
        "category": 10,
        "name": "لامپ کانتر",
        "slug": "counter-lamp",
        "image": "products/2023/01/30/6.png",
        "description": "لورم ایپسوم متن ساختگی با تولید سادگی نامفهوم از صنعت چاپ و با استفاده از طراحان گرافیک است چاپگرها و متون بلکه روزنامه و مجله در ستون و سطرآنچنان که لازم است و برای شرایط فعلی تکنولوژی مورد نیاز و کاربردهای متنوع با هدف بهبود ابزارهای کاربردی می باشد کتابهای زیادی در شصت و سه درصد گذشته حال و آینده شناخت فراوان جامعه و متخصصان را می طلبد تا با نرم افزارها شناخت بیشتری را برای طراحان رایانه ای علی الخصوص طراحان خلاقی و فرهنگ پیشرو در زبان فارسی ایجاد کرد در این صورت می توان امید داشت که تمام و دشواری موجود در ارائه راهکارها و شرایط سخت تایپ به پایان رسد و زمان مورد نیاز شامل حروفچینی دستاوردهای اصلی و جوابگوی سوالات پیوسته اهل دنیای موجود طراحی اساسا مورد استفاده قرار گیرد.",
        "price": "250000.00",
        "available": true
    }
},
{
    "model": "shop.product",
    "pk": 9,
    "fields": {
        "create_at": "2023-01-30T16:41:39.938Z",
        "updated_at": "2023-01-30T16:41:39.938Z",
        "category": 6,
        "name": "کفش اسپورت",
        "slug": "sport-shoes",
        "image": "products/2023/01/30/9.png",
        "description": "لورم ایپسوم متن ساختگی با تولید سادگی نامفهوم از صنعت چاپ و با استفاده از طراحان گرافیک است چاپگرها و متون بلکه روزنامه و مجله در ستون و سطرآنچنان که لازم است و برای شرایط فعلی تکنولوژی مورد نیاز و کاربردهای متنوع با هدف بهبود ابزارهای کاربردی می باشد کتابهای زیادی در شصت و سه درصد گذشته حال و آینده",
        "price": "699000.00",
        "available": true
    }
},
{
    "model": "shop.product",
    "pk": 10,
    "fields": {
        "create_at": "2023-01-30T16:42:28.325Z",
        "updated_at": "2023-01-30T16:42:28.326Z",
        "category": 7,
        "name": "عینک آفتابی زنانه",
        "slug": "women-sun-glases",
        "image": "products/2023/01/30/12.png",
        "description": "لورم ایپسوم متن ساختگی با تولید سادگی نامفهوم از صنعت چاپ و با استفاده از طراحان گرافیک است چاپگرها و متون بلکه روزنامه و مجله در ستون و سطرآنچنان که لازم است و برای شرایط فعلی تکنولوژی مورد نیاز و کاربردهای متنوع با هدف بهبود ابزارهای کاربردی می باشد کتابهای زیادی در شصت و سه درصد گذشته حال و آینده شناخت فراوان جامعه و متخصصان را می طلبد تا با نرم افزارها شناخت بیشتری را برای طراحان رایانه ای علی الخصوص طراحان خلاقی و فرهنگ پیشرو در زبان فارسی ایجاد کرد در این صورت می توان امید داشت که تمام و دشواری موجود در ارائه راهکارها",
        "price": "1300000.00",
        "available": true
    }
},
{
    "model": "shop.product",
    "pk": 11,
    "fields": {
        "create_at": "2023-01-30T16:43:30.978Z",
        "updated_at": "2023-01-30T16:43:30.978Z",
        "category": 7,
        "name": "کیف زنانه",
        "slug": "woman-bag",
        "image": "products/2023/01/30/15.png",
        "description": "لورم ایپسوم متن ساختگی با تولید سادگی نامفهوم از صنعت چاپ و با استفاده از طراحان گرافیک است چاپگرها و متون بلکه روزنامه و مجله در ستون و سطرآنچنان که لازم است و برای شرایط فعلی تکنولوژی مورد نیاز و کاربردهای متنوع با هدف بهبود ابزارهای کاربردی می باشد کتابهای زیادی در شصت و سه درصد گذشته حال و آینده شناخت فراوان جامعه و متخصصان را می طلبد تا با نرم افزارها شناخت بیشتری را برای طراحان رایانه ای علی الخصوص طراحان خلاقی و فرهنگ پیشرو در زبان فارسی ایجاد کرد در این صورت می توان امید داشت که تمام و دشواری موجود در ارائه راهکارها و شرایط سخت تایپ به پایان رسد و زمان مورد نیاز شامل حروفچینی دستاوردهای اصلی و جوابگوی سوالات پیوسته اهل دنیای موجود طراحی اساسا مورد استفاده قرار گیرد. و جوابگوی سوالات پیوسته اهل دنیای موجود طراحی اساسا مورد استفاده قرار گیرد.",
        "price": "285000.00",
        "available": true
    }
},
{
    "model": "shop.product",
    "pk": 12,
    "fields": {
        "create_at": "2023-01-30T16:44:10.702Z",
        "updated_at": "2023-04-08T22:20:33.993Z",
        "category": 9,
        "name": "تی شرت اسپرت",
        "slug": "sport-Tshirt",
        "image": "products/2023/01/30/16.png",
        "description": "لورم ایپسوم متن ساختگی با تولید سادگی نامفهوم از صنعت چاپ و با استفاده از طراحان گرافیک است چاپگرها و متون بلکه روزنامه و مجله در ستون و سطرآنچنان که لازم است و برای شرایط فعلی تکنولوژی مورد نیاز و کاربردهای متنوع با هدف بهبود ابزارهای کاربردی می باشد کتابهای زیادی در شصت و سه درصد گذشته حال و آینده شناخت فراوان جامعه و متخصصان را می طلبد تا با نرم افزارها شناخت بیشتری را برای طراحان رایانه ای علی الخصوص طراحان خلاقی و فرهنگ پیشرو در زبان فارسی ایجاد کرد در این صورت می توان امید داشت که تمام و دشواری موجود در ارائه راهکارها و شرایط سخت تایپ به پایان رسد و زمان مورد نیاز شامل حروفچینی دستاوردهای اصلی و جوابگوی سوالات پیوسته اهل دنیای موجود طراحی اساسا مورد استفاده قرار گیرد. و جوابگوی سوالات پیوسته اهل دنیای موجود طراحی اساسا مورد استفاده قرار گیرد. و جوابگوی سوالات پیوسته اهل دنیای موجود طراحی اساسا مورد استفاده قرار گیرد. و جوابگوی سوالات پیوسته اهل دنیای موجود طراحی اساسا مورد استفاده قرار گیرد. و جوابگوی سوالات پیوسته اهل دنیای موجود طراحی اساسا مورد استفاده قرار گیرد. و جوابگوی سوالات پیوسته اهل دنیای موجود طراحی اساسا مورد استفاده قرار گیرد.",
        "price": "99000.00",
        "available": true
    }
},
{
    "model": "shop.product",
    "pk": 13,
    "fields": {
        "create_at": "2023-01-30T16:44:55.597Z",
        "updated_at": "2023-04-08T22:20:33.975Z",
        "category": 6,
        "name": "اسکیت برد",
        "slug": "skateboard",
        "image": "products/2023/01/30/14.png",
        "description": "لورم ایپسوم متن ساختگی با تولید سادگی نامفهوم از صنعت چاپ، و با استفاده از طراحان گرافیک است، چاپگرها و متون بلکه روزنامه و مجله در ستون و سطرآنچنان که لازم است، و برای شرایط فعلی تکنولوژی مورد نیاز، و کاربردهای متنوع با هدف بهبود ابزارهای کاربردی می باشد، کتابهای زیادی در شصت و سه درصد گذشته حال و آینده، شناخت فراوان جامعه و متخصصان را می طلبد، تا با نرم افزارها شناخت بیشتری را برای طراحان رایانه ای علی الخصوص طراحان خلاقی، و فرهنگ پیشرو در زبان فارسی ایجاد کرد، در این صورت می توان امید داشت که تمام و دشواری موجود در ارائه راهکارها، و شرایط سخت تایپ به پایان رسد و زمان مورد نیاز شامل حروفچینی دستاوردهای اصلی، و جوابگوی سوالات پیوسته اهل دنیای موجود طراحی اساسا مورد استفاده قرار گیرد.لورم ایپسوم متن ساختگی با تولید سادگی نامفهوم از صنعت چاپ، و با استفاده از طراحان گرافیک است، چاپگرها و متون بلکه روزنامه و مجله در ستون و سطرآنچنان که لازم است، و برای شرایط فعلی تکنولوژی مورد نیاز، و کاربردهای متنوع با هدف بهبود ابزارهای کاربردی می باشد، کتابهای زیادی در شصت و سه درصد گذشته حال و آینده، شناخت فراوان جامعه و متخصصان را می طلبد، تا با نرم افزارها شناخت بیشتری را برای طراحان رایانه ای علی الخصوص طراحان خلاقی، و فرهنگ پیشرو در زبان فارسی ایجاد کرد، در این صورت می توان امید داشت که تمام و دشواری موجود در ارائه راهکارها، و شرایط سخت تایپ به پایان رسد و زمان مورد نیاز شامل حروفچینی دستاوردهای اصلی، و جوابگوی سوالات پیوسته اهل دنیای موجود طراحی اساسا مورد استفاده قرار گیرد.",
        "price": "1359000.00",
        "available": true
    }
},
{
    "model": "shop.product",
    "pk": 14,
    "fields": {
        "create_at": "2023-01-30T17:21:30.213Z",
        "updated_at": "2023-01-30T17:21:30.213Z",
        "category": 11,
        "name": "مبل تک نفره",
        "slug": "coach",
        "image": "products/2023/01/30/5.png",
        "description": "لورم ایپسوم متن ساختگی با تولید سادگی نامفهوم از صنعت چاپ و با استفاده از طراحان گرافیک است چاپگرها و متون بلکه روزنامه و مجله در ستون و سطرآنچنان که لازم است و برای شرایط فعلی تکنولوژی مورد نیاز و کاربردهای متنوع با هدف بهبود ابزارهای کاربردی می باشد کتابهای زیادی در شصت و سه درصد گذشته حال و آینده شناخت فراوان جامعه و متخصصان را می طلبد تا با نرم افزارها شناخت بیشتری را برای طراحان رایانه ای علی الخصوص طراحان خلاقی و فرهنگ پیشرو در زبان فارسی ایجاد کرد در این صورت می توان امید داشت که تمام و دشواری موجود در ارائه راهکارها و شرایط سخت تایپ به پایان رسد و زمان مورد نیاز شامل حروفچینی دستاوردهای اصلی و جوابگوی سوالات پیوسته اهل دنیای موجود طراحی اساسا مورد استفاده قرار گیرد. و جوابگوی سوالات پیوسته اهل دنیای موجود طراحی اساسا مورد استفاده قرار گیرد. و جوابگوی سوالات پیوسته اهل دنیای موجود طراحی اساسا مورد استفاده قرار گیرد. و جوابگوی سوالات پیوسته اهل دنیای موجود طراحی اساسا مورد استفاده قرار گیرد. و جوابگوی سوالات پیوسته اهل دنیای موجود طراحی اساسا مورد استفاده قرار گیرد.",
        "price": "890000.00",
        "available": true
    }
},
{
    "model": "shop.product",
    "pk": 15,
    "fields": {
        "create_at": "2023-01-30T17:22:24.732Z",
        "updated_at": "2023-01-30T17:22:24.732Z",
        "category": 11,
        "name": "صندلی راحتی",
        "slug": "Armchair",
        "image": "products/2023/01/30/8.png",
        "description": "لورم ایپسوم متن ساختگی با تولید سادگی نامفهوم از صنعت چاپ و با استفاده از طراحان گرافیک است چاپگرها و متون بلکه روزنامه و مجله در ستون و سطرآنچنان که لازم است و برای شرایط فعلی تکنولوژی مورد نیاز و کاربردهای متنوع با هدف بهبود ابزارهای کاربردی می باشد کتابهای زیادی در شصت و سه درصد گذشته حال و آینده شناخت فراوان جامعه و متخصصان را می طلبد تا با نرم افزارها شناخت بیشتری را برای طراحان رایانه ای علی الخصوص طراحان خلاقی و فرهنگ پیشرو در زبان فارسی ایجاد کرد در این صورت می توان امید داشت که تمام و دشواری موجود در ارائه راهکارها و شرایط سخت تایپ به پایان رسد و زمان مورد نیاز شامل حروفچینی دستاوردهای اصلی و جوابگوی سوالات پیوسته اهل دنیای موجود طراحی اساسا مورد استفاده قرار گیرد.",
        "price": "560000.00",
        "available": true
    }
},
{
    "model": "shop.product",
    "pk": 16,
    "fields": {
        "create_at": "2023-01-30T17:22:55.821Z",
        "updated_at": "2023-01-30T17:22:55.822Z",
        "category": 11,
        "name": "صندلی پلاستیکی",
        "slug": "plastic-chair",
        "image": "products/2023/01/30/7.png",
        "description": "لورم ایپسوم متن ساختگی با تولید سادگی نامفهوم از صنعت چاپ و با استفاده از طراحان گرافیک است چاپگرها و متون بلکه روزنامه و مجله در ستون و سطرآنچنان که لازم است و برای شرایط فعلی تکنولوژی مورد نیاز و کاربردهای متنوع با هدف بهبود ابزارهای کاربردی می باشد کتابهای زیادی در شصت و سه درصد گذشته حال و آینده شناخت فراوان جامعه و متخصصان را می طلبد تا با نرم افزارها شناخت بیشتری را برای طراحان رایانه ای علی الخصوص طراحان خلاقی و فرهنگ پیشرو در زبان فارسی ایجاد کرد در این صورت می توان امید داشت که تمام و دشواری موجود در ارائه راهکارها",
        "price": "249000.00",
        "available": true
    }
},
{
    "model": "shop.product",
    "pk": 17,
    "fields": {
        "create_at": "2023-01-30T17:24:17.335Z",
        "updated_at": "2023-01-30T17:24:17.335Z",
        "category": 11,
        "name": "کاناپه قرمز",
        "slug": "red-sofa",
        "image": "products/2023/01/30/10.png",
        "description": "لورم ایپسوم متن ساختگی با تولید سادگی نامفهوم از صنعت چاپ و با استفاده از طراحان گرافیک است چاپگرها و متون بلکه روزنامه و مجله در ستون و سطرآنچنان که لازم است و برای شرایط فعلی تکنولوژی مورد نیاز و کاربردهای متنوع با هدف بهبود ابزارهای کاربردی می باشد کتابهای زیادی در شصت و سه درصد گذشته حال و آینده شناخت فراوان جامعه و متخصصان را می طلبد تا با نرم افزارها شناخت بیشتری را برای طراحان رایانه ای علی الخصوص طراحان خلاقی و فرهنگ پیشرو در زبان فارسی ایجاد کرد در این صورت می توان امید داشت که تمام و دشواری موجود در ارائه راهکارها و شرایط سخت تایپ به پایان رسد و زمان مورد نیاز شامل حروفچینی دستاوردهای اصلی و جوابگوی سوالات پیوسته اهل دنیای موجود طراحی اساسا مورد استفاده قرار گیرد. و جوابگوی سوالات پیوسته اهل دنیای موجود طراحی اساسا مورد استفاده قرار گیرد. و جوابگوی سوالات پیوسته اهل دنیای موجود طراحی اساسا مورد استفاده قرار گیرد. و جوابگوی سوالات پیوسته اهل دنیای موجود طراحی اساسا مورد استفاده قرار گیرد. و جوابگوی سوالات پیوسته اهل دنیای موجود طراحی اساسا مورد استفاده قرار گیرد. و جوابگوی سوالات پیوسته اهل دنیای موجود طراحی اساسا مورد استفاده قرار گیرد. و جوابگوی سوالات پیوسته اهل دنیای موجود طراحی اساسا مورد استفاده قرار گیرد. و جوابگوی سوالات پیوسته اهل دنیای موجود طراحی اساسا مورد استفاده قرار گیرد. و جوابگوی سوالات پیوسته اهل دنیای موجود طراحی اساسا مورد استفاده قرار گیرد.",
        "price": "1850000.00",
        "available": true
    }
},
{
    "model": "orders.order",
    "pk": 1,
    "fields": {
        "create_at": "2022-10-03T19:25:15.287Z",
        "updated_at": "2023-11-22T13:44:25.544Z",
        "user": 1,
        "coupon": null,
        "transport": 2,
        "full_name": "admin",
        "email": "admin@localhost",
        "phone": "09122222345",
        "address": "تهران - فرشته",
        "paid": true,
        "discount": 0,
        "transaction_id": "3132"
    }
},
{
    "model": "orders.order",
    "pk": 2,
    "fields": {
        "create_at": "2023-02-15T04:55:40.432Z",
        "updated_at": "2023-02-15T04:55:40.432Z",
        "user": 1,
        "coupon": null,
        "transport": 3,
        "full_name": "admin",
        "email": "admin@localhost",
        "phone": "09122222345",
        "address": "تهران - فرشته",
        "paid": false,
        "discount": 0,
        "transaction_id": null
    }
},
{
    "model": "orders.order",
    "pk": 3,
    "fields": {
        "create_at": "2023-02-15T07:12:35.119Z",
        "updated_at": "2023-02-15T07:12:35.120Z",
        "user": 1,
        "coupon": null,
        "transport": 4,
        "full_name": "admin",
        "email": "admin@localhost",
        "phone": "09122222345",
        "address": "تهران - فرشته",
        "paid": false,
        "discount": 0,
        "transaction_id": null
    }
},
{
    "model": "orders.order",
    "pk": 4,
    "fields": {
        "create_at": "2023-02-15T07:55:30.057Z",
        "updated_at": "2023-02-15T07:55:30.057Z",
        "user": 1,
        "coupon": null,
        "transport": 3,
        "full_name": "admin",
        "email": "admin@localhost",
        "phone": "09122222345",
        "address": "تهران - فرشته",
        "paid": false,
        "discount": 0,
        "transaction_id": null
    }
},
{
    "model": "orders.order",
    "pk": 5,
    "fields": {
        "create_at": "2023-02-15T08:36:28.488Z",
        "updated_at": "2023-02-15T08:36:28.488Z",
        "user": 1,
        "coupon": null,
        "transport": 3,
        "full_name": "admin",
        "email": "admin@localhost",
        "phone": "09122222345",
        "address": "تهران - فرشته",
        "paid": false,
        "discount": 0,
        "transaction_id": null
    }
},
{
    "model": "orders.order",
    "pk": 6,
    "fields": {
        "create_at": "2023-02-19T04:32:31.717Z",
        "updated_at": "2023-02-19T04:32:31.717Z",
        "user": 1,
        "coupon": null,
        "transport": 2,
        "full_name": "admin",
        "email": "admin@localhost",
        "phone": "09122222345",
        "address": "تهران - فرشته",
        "paid": false,
        "discount": 0,
        "transaction_id": null
    }
},
{
    "model": "orders.order",
    "pk": 7,
    "fields": {
        "create_at": "2023-02-19T04:36:51.760Z",
        "updated_at": "2023-02-19T04:36:51.760Z",
        "user": 1,
        "coupon": null,
        "transport": 2,
        "full_name": "admin",
        "email": "admin@localhost",
        "phone": "09122222345",
        "address": "تهران - فرشته",
        "paid": false,
        "discount": 0,
        "transaction_id": null
    }
},
{
    "model": "orders.order",
    "pk": 8,
    "fields": {
        "create_at": "2023-02-19T05:18:57.869Z",
        "updated_at": "2023-02-19T05:18:57.869Z",
        "user": 1,
        "coupon": null,
        "transport": 3,
        "full_name": "admin",
        "email": "admin@localhost",
        "phone": "09122222345",
        "address": "تهران - فرشته",
        "paid": false,
        "discount": 0,
        "transaction_id": null
    }
},
{
    "model": "orders.order",
    "pk": 9,
    "fields": {
        "create_at": "2023-02-19T05:28:02.966Z",
        "updated_at": "2023-02-19T05:28:02.966Z",
        "user": 1,
        "coupon": null,
        "transport": 2,
        "full_name": "admin",
        "email": "admin@localhost",
        "phone": "09122222345",
        "address": "تهران - فرشته",
        "paid": false,
        "discount": 0,
        "transaction_id": null
    }
},
{
    "model": "orders.order",
    "pk": 10,
    "fields": {
        "create_at": "2023-02-19T05:33:28.807Z",
        "updated_at": "2023-02-19T05:33:28.808Z",
        "user": 1,
        "coupon": null,
        "transport": 2,
        "full_name": "admin",
        "email": "admin@localhost",
        "phone": "09122222345",
        "address": "تهران - فرشته",
        "paid": false,
        "discount": 0,
        "transaction_id": null
    }
},
{
    "model": "orders.order",
    "pk": 11,
    "fields": {
        "create_at": "2023-02-19T05:50:34.958Z",
        "updated_at": "2023-02-19T05:50:34.958Z",
        "user": 1,
        "coupon": 2,
        "transport": 3,
        "full_name": "admin",
        "email": "admin@localhost",
        "phone": "09122222345",
        "address": "تهران - فرشته",
        "paid": false,
        "discount": 100,
        "transaction_id": null
    }
},
{
    "model": "orders.order",
    "pk": 12,
    "fields": {
        "create_at": "2023-04-08T05:13:13.816Z",
        "updated_at": "2023-04-08T05:13:13.816Z",
        "user": 1,
        "coupon": null,
        "transport": 3,
        "full_name": "admin",
        "email": "admin@localhost",
        "phone": "09122222345",
        "address": "تهران - فرشته",
        "paid": false,
        "discount": 0,
        "transaction_id": null
    }
},
{
    "model": "orders.order",
    "pk": 13,
    "fields": {
        "create_at": "2023-04-08T05:19:42.345Z",
        "updated_at": "2023-04-08T05:19:42.345Z",
        "user": 1,
        "coupon": null,
        "transport": 3,
        "full_name": "admin",
        "email": "admin@localhost",
        "phone": "09122222345",
        "address": "تهران - فرشته",
        "paid": false,
        "discount": 0,
        "transaction_id": null
    }
},
{
    "model": "orders.order",
    "pk": 14,
    "fields": {
        "create_at": "2023-04-08T05:25:19.111Z",
        "updated_at": "2023-04-08T05:25:19.111Z",
        "user": 1,
        "coupon": null,
        "transport": 3,
        "full_name": "admin",
        "email": "admin@localhost",
        "phone": "09122222345",
        "address": "تهران - فرشته",
        "paid": false,
        "discount": 0,
        "transaction_id": null
    }
},
{
    "model": "orders.order",
    "pk": 15,
    "fields": {
        "create_at": "2023-04-08T05:31:12.470Z",
        "updated_at": "2023-04-08T05:31:12.470Z",
        "user": 1,
        "coupon": null,
        "transport": 3,
        "full_name": "admin",
        "email": "admin@localhost",
        "phone": "09122222345",
        "address": "تهران - فرشته",
        "paid": false,
        "discount": 0,
        "transaction_id": null
    }
},
{
    "model": "orders.order",
    "pk": 16,
    "fields": {
        "create_at": "2023-04-08T05:32:18.150Z",
        "updated_at": "2023-04-08T05:32:18.150Z",
        "user": 1,
        "coupon": null,
        "transport": 3,
        "full_name": "admin",
        "email": "admin@localhost",
        "phone": "09122222345",
        "address": "تهران - فرشته",
        "paid": false,
        "discount": 0,
        "transaction_id": null
    }
},
{
    "model": "orders.order",
    "pk": 17,
    "fields": {
        "create_at": "2023-04-08T05:36:21.798Z",
        "updated_at": "2023-04-08T05:36:21.798Z",
        "user": 1,
        "coupon": null,
        "transport": 3,
        "full_name": "admin",
        "email": "admin@localhost",
        "phone": "09122222345",
        "address": "تهران - فرشته",
        "paid": false,
        "discount": 0,
        "transaction_id": null
    }
},
{
    "model": "orders.order",
    "pk": 18,
    "fields": {
        "create_at": "2023-04-08T06:12:54.714Z",
        "updated_at": "2023-04-08T06:12:54.714Z",
        "user": 1,
        "coupon": null,
        "transport": 2,
        "full_name": "admin",
        "email": "admin@localhost",
        "phone": "09122222345",
        "address": "تهران - فرشته",
        "paid": false,
        "discount": 0,
        "transaction_id": null
    }
},
{
    "model": "orders.order",
    "pk": 19,
    "fields": {
        "create_at": "2023-04-08T06:14:15.747Z",
        "updated_at": "2023-04-08T06:14:15.747Z",
        "user": 1,
        "coupon": null,
        "transport": 2,
        "full_name": "admin",
        "email": "admin@localhost",
        "phone": "09122222345",
        "address": "تهران - فرشته",
        "paid": false,
        "discount": 0,
        "transaction_id": null
    }
},
{
    "model": "orders.order",
    "pk": 20,
    "fields": {
        "create_at": "2023-04-08T06:17:23.203Z",
        "updated_at": "2023-04-08T06:17:23.203Z",
        "user": 1,
        "coupon": null,
        "transport": 2,
        "full_name": "admin",
        "email": "admin@localhost",
        "phone": "09122222345",
        "address": "تهران - فرشته",
        "paid": false,
        "discount": 0,
        "transaction_id": null
    }
},
{
    "model": "orders.order",
    "pk": 21,
    "fields": {
        "create_at": "2023-04-08T06:18:57.307Z",
        "updated_at": "2023-04-08T06:18:57.307Z",
        "user": 1,
        "coupon": null,
        "transport": 2,
        "full_name": "admin",
        "email": "admin@localhost",
        "phone": "09122222345",
        "address": "تهران - فرشته",
        "paid": false,
        "discount": 0,
        "transaction_id": null
    }
},
{
    "model": "orders.order",
    "pk": 22,
    "fields": {
        "create_at": "2023-04-08T06:25:54.167Z",
        "updated_at": "2023-04-08T06:25:54.167Z",
        "user": 1,
        "coupon": null,
        "transport": 3,
        "full_name": "admin",
        "email": "admin@localhost",
        "phone": "09122222345",
        "address": "تهران - فرشته",
        "paid": false,
        "discount": 0,
        "transaction_id": null
    }
},
{
    "model": "orders.order",
    "pk": 23,
    "fields": {
        "create_at": "2023-04-08T18:58:22.817Z",
        "updated_at": "2023-04-08T18:58:22.817Z",
        "user": 1,
        "coupon": null,
        "transport": 2,
        "full_name": "admin",
        "email": "admin@localhost",
        "phone": "09122222345",
        "address": "تهران - فرشته",
        "paid": false,
        "discount": 0,
        "transaction_id": null
    }
},
{
    "model": "orders.order",
    "pk": 24,
    "fields": {
        "create_at": "2023-04-08T19:00:19.163Z",
        "updated_at": "2023-04-08T19:00:19.163Z",
        "user": 1,
        "coupon": null,
        "transport": 2,
        "full_name": "admin",
        "email": "admin@localhost",
        "phone": "09122222345",
        "address": "تهران - فرشته",
        "paid": false,
        "discount": 0,
        "transaction_id": null
    }
},
{
    "model": "orders.order",
    "pk": 25,
    "fields": {
        "create_at": "2023-04-08T19:01:59.463Z",
        "updated_at": "2023-04-08T19:01:59.463Z",
        "user": 1,
        "coupon": null,
        "transport": 2,
        "full_name": "admin",
        "email": "admin@localhost",
        "phone": "09122222345",
        "address": "تهران - فرشته",
        "paid": false,
        "discount": 0,
        "transaction_id": null
    }
},
{
    "model": "orders.order",
    "pk": 26,
    "fields": {
        "create_at": "2023-04-08T19:41:10.197Z",
        "updated_at": "2023-04-08T19:41:10.197Z",
        "user": 1,
        "coupon": null,
        "transport": 2,
        "full_name": "admin",
        "email": "admin@localhost",
        "phone": "09122222345",
        "address": "تهران - فرشته",
        "paid": false,
        "discount": 0,
        "transaction_id": null
    }
},
{
    "model": "orders.order",
    "pk": 27,
    "fields": {
        "create_at": "2023-04-08T19:43:04.488Z",
        "updated_at": "2023-04-08T19:43:04.488Z",
        "user": 1,
        "coupon": null,
        "transport": 2,
        "full_name": "admin",
        "email": "admin@localhost",
        "phone": "09122222345",
        "address": "تهران - فرشته",
        "paid": false,
        "discount": 0,
        "transaction_id": null
    }
},
{
    "model": "orders.order",
    "pk": 28,
    "fields": {
        "create_at": "2023-04-08T20:16:33.152Z",
        "updated_at": "2023-04-08T20:16:33.152Z",
        "user": 1,
        "coupon": null,
        "transport": 2,
        "full_name": "admin",
        "email": "admin@localhost",
        "phone": "09122222345",
        "address": "تهران - فرشته",
        "paid": false,
        "discount": 0,
        "transaction_id": null
    }
},
{
    "model": "orders.order",
    "pk": 29,
    "fields": {
        "create_at": "2023-04-08T20:18:23.988Z",
        "updated_at": "2023-04-08T20:22:44.770Z",
        "user": 1,
        "coupon": null,
        "transport": 2,
        "full_name": "admin",
        "email": "admin@localhost",
        "phone": "09122222345",
        "address": "تهران - فرشته",
        "paid": false,
        "discount": 0,
        "transaction_id": "2277"
    }
},
{
    "model": "orders.order",
    "pk": 30,
    "fields": {
        "create_at": "2023-04-08T20:39:53.377Z",
        "updated_at": "2023-04-08T20:39:53.377Z",
        "user": 1,
        "coupon": null,
        "transport": 2,
        "full_name": "admin",
        "email": "admin@localhost",
        "phone": "09122222345",
        "address": "تهران - فرشته",
        "paid": false,
        "discount": 0,
        "transaction_id": null
    }
},
{
    "model": "orders.order",
    "pk": 31,
    "fields": {
        "create_at": "2023-04-08T20:44:50.309Z",
        "updated_at": "2023-04-08T20:44:50.309Z",
        "user": 1,
        "coupon": null,
        "transport": 2,
        "full_name": "admin",
        "email": "admin@localhost",
        "phone": "09122222345",
        "address": "تهران - فرشته",
        "paid": false,
        "discount": 0,
        "transaction_id": null
    }
},
{
    "model": "orders.order",
    "pk": 32,
    "fields": {
        "create_at": "2023-04-08T20:45:54.055Z",
        "updated_at": "2023-04-08T20:45:54.055Z",
        "user": 1,
        "coupon": null,
        "transport": 2,
        "full_name": "admin",
        "email": "admin@localhost",
        "phone": "09122222345",
        "address": "تهران - فرشته",
        "paid": false,
        "discount": 0,
        "transaction_id": null
    }
},
{
    "model": "orders.order",
    "pk": 33,
    "fields": {
        "create_at": "2023-04-08T20:49:51.369Z",
        "updated_at": "2023-04-08T20:50:55.446Z",
        "user": 1,
        "coupon": null,
        "transport": 2,
        "full_name": "admin",
        "email": "admin@localhost",
        "phone": "09122222345",
        "address": "تهران - فرشته",
        "paid": false,
        "discount": 0,
        "transaction_id": "105491861"
    }
},
{
    "model": "orders.order",
    "pk": 34,
    "fields": {
        "create_at": "2023-04-08T22:21:04.017Z",
        "updated_at": "2023-04-08T22:21:04.017Z",
        "user": 1,
        "coupon": null,
        "transport": 2,
        "full_name": "admin",
        "email": "admin@localhost",
        "phone": "09122222345",
        "address": "تهران - فرشته",
        "paid": false,
        "discount": 0,
        "transaction_id": null
    }
},
{
    "model": "orders.order",
    "pk": 35,
    "fields": {
        "create_at": "2023-04-08T22:23:41.223Z",
        "updated_at": "2023-04-08T22:23:41.224Z",
        "user": 1,
        "coupon": null,
        "transport": 3,
        "full_name": "admin",
        "email": "admin@localhost",
        "phone": "09122222345",
        "address": "تهران - فرشته",
        "paid": false,
        "discount": 0,
        "transaction_id": null
    }
},
{
    "model": "orders.order",
    "pk": 36,
    "fields": {
        "create_at": "2023-04-08T22:24:50.805Z",
        "updated_at": "2023-04-08T22:24:50.806Z",
        "user": 1,
        "coupon": null,
        "transport": 3,
        "full_name": "admin",
        "email": "admin@localhost",
        "phone": "09122222345",
        "address": "تهران - فرشته",
        "paid": false,
        "discount": 0,
        "transaction_id": null
    }
},
{
    "model": "orders.order",
    "pk": 37,
    "fields": {
        "create_at": "2023-04-08T22:27:18.176Z",
        "updated_at": "2023-04-08T22:27:18.176Z",
        "user": 1,
        "coupon": null,
        "transport": 2,
        "full_name": "admin",
        "email": "admin@localhost",
        "phone": "09122222345",
        "address": "تهران - فرشته",
        "paid": false,
        "discount": 0,
        "transaction_id": null
    }
},
{
    "model": "orders.order",
    "pk": 38,
    "fields": {
        "create_at": "2023-04-08T22:31:41.216Z",
        "updated_at": "2023-04-08T22:31:41.217Z",
        "user": 1,
        "coupon": null,
        "transport": 2,
        "full_name": "admin",
        "email": "admin@localhost",
        "phone": "09122222345",
        "address": "تهران - فرشته",
        "paid": false,
        "discount": 0,
        "transaction_id": null
    }
},
{
    "model": "orders.order",
    "pk": 39,
    "fields": {
        "create_at": "2023-04-08T22:37:01.524Z",
        "updated_at": "2023-04-08T22:37:01.525Z",
        "user": 1,
        "coupon": null,
        "transport": 2,
        "full_name": "admin",
        "email": "admin@localhost",
        "phone": "09122222345",
        "address": "تهران - فرشته",
        "paid": false,
        "discount": 0,
        "transaction_id": null
    }
},
{
    "model": "orders.order",
    "pk": 40,
    "fields": {
        "create_at": "2023-04-08T22:38:49.574Z",
        "updated_at": "2023-04-08T22:39:24.161Z",
        "user": 1,
        "coupon": null,
        "transport": 2,
        "full_name": "admin",
        "email": "admin@localhost",
        "phone": "09122222345",
        "address": "تهران - فرشته",
        "paid": true,
        "discount": 0,
        "transaction_id": "220432"
    }
},
{
    "model": "orders.order",
    "pk": 41,
    "fields": {
        "create_at": "2023-04-08T22:42:46.044Z",
        "updated_at": "2023-04-08T22:43:05.970Z",
        "user": 1,
        "coupon": null,
        "transport": 4,
        "full_name": "admin",
        "email": "admin@localhost",
        "phone": "09122222345",
        "address": "تهران - فرشته",
        "paid": true,
        "discount": 0,
        "transaction_id": "1730529380"
    }
},
{
    "model": "orders.order",
    "pk": 42,
    "fields": {
        "create_at": "2023-04-08T22:53:54.271Z",
        "updated_at": "2023-04-08T22:54:48.921Z",
        "user": 1,
        "coupon": null,
        "transport": 3,
        "full_name": "admin",
        "email": "admin@localhost",
        "phone": "09122222345",
        "address": "تهران - فرشته",
        "paid": true,
        "discount": 0,
        "transaction_id": "2931415"
    }
},
{
    "model": "orders.order",
    "pk": 43,
    "fields": {
        "create_at": "2023-04-08T22:56:57.731Z",
        "updated_at": "2023-04-08T22:57:11.989Z",
        "user": 1,
        "coupon": null,
        "transport": 4,
        "full_name": "admin",
        "email": "admin@localhost",
        "phone": "09122222345",
        "address": "تهران - فرشته",
        "paid": true,
        "discount": 0,
        "transaction_id": "378561"
    }
},
{
    "model": "orders.order",
    "pk": 44,
    "fields": {
        "create_at": "2023-04-08T22:59:14.972Z",
        "updated_at": "2023-04-08T22:59:14.972Z",
        "user": 1,
        "coupon": 2,
        "transport": 2,
        "full_name": "admin",
        "email": "admin@localhost",
        "phone": "09122222345",
        "address": "تهران - فرشته",
        "paid": false,
        "discount": 100,
        "transaction_id": null
    }
},
{
    "model": "orders.order",
    "pk": 45,
    "fields": {
        "create_at": "2023-04-08T23:05:34.281Z",
        "updated_at": "2023-04-08T23:05:34.281Z",
        "user": 1,
        "coupon": 2,
        "transport": 2,
        "full_name": "admin",
        "email": "admin@localhost",
        "phone": "09122222345",
        "address": "تهران - فرشته",
        "paid": false,
        "discount": 100,
        "transaction_id": null
    }
},
{
    "model": "orders.order",
    "pk": 46,
    "fields": {
        "create_at": "2023-04-09T04:31:23.448Z",
        "updated_at": "2023-04-09T04:31:23.448Z",
        "user": 1,
        "coupon": 2,
        "transport": 2,
        "full_name": "admin",
        "email": "admin@localhost",
        "phone": "09122222345",
        "address": "تهران - فرشته",
        "paid": false,
        "discount": 100,
        "transaction_id": null
    }
},
{
    "model": "orders.order",
    "pk": 47,
    "fields": {
        "create_at": "2023-04-09T04:33:38.650Z",
        "updated_at": "2023-04-09T04:33:38.650Z",
        "user": 1,
        "coupon": 2,
        "transport": 2,
        "full_name": "admin",
        "email": "admin@localhost",
        "phone": "09122222345",
        "address": "تهران - فرشته",
        "paid": false,
        "discount": 100,
        "transaction_id": null
    }
},
{
    "model": "orders.order",
    "pk": 48,
    "fields": {
        "create_at": "2023-04-09T04:34:21.528Z",
        "updated_at": "2023-04-09T04:34:21.528Z",
        "user": 1,
        "coupon": 2,
        "transport": 3,
        "full_name": "admin",
        "email": "admin@localhost",
        "phone": "09122222345",
        "address": "تهران - فرشته",
        "paid": false,
        "discount": 100,
        "transaction_id": null
    }
},
{
    "model": "orders.order",
    "pk": 49,
    "fields": {
        "create_at": "2023-04-09T04:38:35.972Z",
        "updated_at": "2023-04-09T04:38:52.296Z",
        "user": 1,
        "coupon": 2,
        "transport": 3,
        "full_name": "admin",
        "email": "admin@localhost",
        "phone": "09122222345",
        "address": "تهران - فرشته",
        "paid": true,
        "discount": 100,
        "transaction_id": "125868"
    }
},
{
    "model": "orders.order",
    "pk": 50,
    "fields": {
        "create_at": "2023-04-09T04:39:35.827Z",
        "updated_at": "2023-04-09T04:39:35.827Z",
        "user": 1,
        "coupon": null,
        "transport": 2,
        "full_name": "admin",
        "email": "admin@localhost",
        "phone": "09122222345",
        "address": "تهران - فرشته",
        "paid": false,
        "discount": 0,
        "transaction_id": null
    }
},
{
    "model": "orders.order",
    "pk": 51,
    "fields": {
        "create_at": "2023-04-09T04:52:38.329Z",
        "updated_at": "2023-04-09T04:52:38.330Z",
        "user": 1,
        "coupon": null,
        "transport": 2,
        "full_name": "admin",
        "email": "admin@localhost",
        "phone": "09122222345",
        "address": "تهران - فرشته",
        "paid": false,
        "discount": 0,
        "transaction_id": null
    }
},
{
    "model": "orders.order",
    "pk": 52,
    "fields": {
        "create_at": "2023-04-09T04:57:23.460Z",
        "updated_at": "2023-04-09T04:57:23.461Z",
        "user": 1,
        "coupon": null,
        "transport": 2,
        "full_name": "admin",
        "email": "admin@localhost",
        "phone": "09122222345",
        "address": "تهران - فرشته",
        "paid": false,
        "discount": 0,
        "transaction_id": null
    }
},
{
    "model": "orders.order",
    "pk": 53,
    "fields": {
        "create_at": "2023-04-09T05:04:53.433Z",
        "updated_at": "2023-04-09T05:04:53.433Z",
        "user": 1,
        "coupon": null,
        "transport": 3,
        "full_name": "admin",
        "email": "admin@localhost",
        "phone": "09122222345",
        "address": "تهران - فرشته",
        "paid": false,
        "discount": 0,
        "transaction_id": null
    }
},
{
    "model": "orders.order",
    "pk": 54,
    "fields": {
        "create_at": "2023-04-09T05:06:44.853Z",
        "updated_at": "2023-04-09T05:06:44.853Z",
        "user": 1,
        "coupon": null,
        "transport": 2,
        "full_name": "admin",
        "email": "admin@localhost",
        "phone": "09122222345",
        "address": "تهران - فرشته",
        "paid": false,
        "discount": 0,
        "transaction_id": null
    }
},
{
    "model": "orders.order",
    "pk": 55,
    "fields": {
        "create_at": "2023-04-09T05:08:42.476Z",
        "updated_at": "2023-04-09T05:08:42.476Z",
        "user": 1,
        "coupon": null,
        "transport": 2,
        "full_name": "admin",
        "email": "admin@localhost",
        "phone": "09122222345",
        "address": "تهران - فرشته",
        "paid": false,
        "discount": 0,
        "transaction_id": null
    }
},
{
    "model": "orders.order",
    "pk": 56,
    "fields": {
        "create_at": "2023-11-19T06:24:40.297Z",
        "updated_at": "2023-11-19T06:24:40.297Z",
        "user": 1,
        "coupon": null,
        "transport": 2,
        "full_name": "admin",
        "email": "admin@localhost",
        "phone": "09122222345",
        "address": "تهران - فرشته",
        "paid": false,
        "discount": 0,
        "transaction_id": null
    }
},
{
    "model": "orders.order",
    "pk": 57,
    "fields": {
        "create_at": "2023-11-19T06:27:57.830Z",
        "updated_at": "2023-11-19T06:27:57.830Z",
        "user": 1,
        "coupon": null,
        "transport": 2,
        "full_name": "admin",
        "email": "admin@localhost",
        "phone": "09122222345",
        "address": "تهران - فرشته",
        "paid": false,
        "discount": 0,
        "transaction_id": null
    }
},
{
    "model": "orders.order",
    "pk": 58,
    "fields": {
        "create_at": "2023-11-19T06:29:11.052Z",
        "updated_at": "2023-11-19T06:29:11.052Z",
        "user": 1,
        "coupon": null,
        "transport": 2,
        "full_name": "admin",
        "email": "admin@localhost",
        "phone": "09122222345",
        "address": "تهران - فرشته",
        "paid": false,
        "discount": 0,
        "transaction_id": null
    }
},
{
    "model": "orders.order",
    "pk": 59,
    "fields": {
        "create_at": "2023-11-19T06:30:43.244Z",
        "updated_at": "2023-11-19T06:30:43.245Z",
        "user": 1,
        "coupon": null,
        "transport": 3,
        "full_name": "admin",
        "email": "admin@localhost",
        "phone": "09122222345",
        "address": "تهران - فرشته",
        "paid": false,
        "discount": 0,
        "transaction_id": null
    }
},
{
    "model": "orders.order",
    "pk": 60,
    "fields": {
        "create_at": "2023-11-19T06:32:02.347Z",
        "updated_at": "2023-11-19T06:32:02.347Z",
        "user": 1,
        "coupon": null,
        "transport": 3,
        "full_name": "admin",
        "email": "admin@localhost",
        "phone": "09122222345",
        "address": "تهران - فرشته",
        "paid": false,
        "discount": 0,
        "transaction_id": null
    }
},
{
    "model": "orders.order",
    "pk": 61,
    "fields": {
        "create_at": "2023-11-19T06:33:42.478Z",
        "updated_at": "2023-11-19T06:33:42.478Z",
        "user": 1,
        "coupon": null,
        "transport": 3,
        "full_name": "admin",
        "email": "admin@localhost",
        "phone": "09122222345",
        "address": "تهران - فرشته",
        "paid": false,
        "discount": 0,
        "transaction_id": null
    }
},
{
    "model": "orders.order",
    "pk": 62,
    "fields": {
        "create_at": "2023-11-19T06:36:00.486Z",
        "updated_at": "2023-11-19T06:36:00.486Z",
        "user": 1,
        "coupon": null,
        "transport": 3,
        "full_name": "admin",
        "email": "admin@localhost",
        "phone": "09122222345",
        "address": "تهران - فرشته",
        "paid": false,
        "discount": 0,
        "transaction_id": null
    }
},
{
    "model": "orders.order",
    "pk": 63,
    "fields": {
        "create_at": "2023-11-19T06:38:32.750Z",
        "updated_at": "2023-11-19T06:38:32.750Z",
        "user": 1,
        "coupon": null,
        "transport": 3,
        "full_name": "admin",
        "email": "admin@localhost",
        "phone": "09122222345",
        "address": "تهران - فرشته",
        "paid": false,
        "discount": 0,
        "transaction_id": null
    }
},
{
    "model": "orders.order",
    "pk": 64,
    "fields": {
        "create_at": "2023-11-19T09:53:11.454Z",
        "updated_at": "2023-11-19T09:53:11.454Z",
        "user": 1,
        "coupon": null,
        "transport": 2,
        "full_name": "admin",
        "email": "admin@localhost",
        "phone": "09122222345",
        "address": "تهران - فرشته",
        "paid": false,
        "discount": 0,
        "transaction_id": null
    }
},
{
    "model": "orders.order",
    "pk": 65,
    "fields": {
        "create_at": "2023-11-19T09:53:49.235Z",
        "updated_at": "2023-11-19T09:53:49.235Z",
        "user": 1,
        "coupon": null,
        "transport": 2,
        "full_name": "admin",
        "email": "admin@localhost",
        "phone": "09122222345",
        "address": "تهران - فرشته",
        "paid": false,
        "discount": 0,
        "transaction_id": null
    }
},
{
    "model": "orders.order",
    "pk": 66,
    "fields": {
        "create_at": "2023-11-19T10:08:52.026Z",
        "updated_at": "2023-11-19T10:08:52.027Z",
        "user": 1,
        "coupon": null,
        "transport": 2,
        "full_name": "admin",
        "email": "admin@localhost",
        "phone": "09122222345",
        "address": "تهران - فرشته",
        "paid": false,
        "discount": 0,
        "transaction_id": null
    }
},
{
    "model": "orders.order",
    "pk": 67,
    "fields": {
        "create_at": "2023-11-19T10:12:27.889Z",
        "updated_at": "2023-11-19T10:12:27.889Z",
        "user": 1,
        "coupon": null,
        "transport": 2,
        "full_name": "admin",
        "email": "admin@localhost",
        "phone": "09122222345",
        "address": "تهران - فرشته",
        "paid": false,
        "discount": 0,
        "transaction_id": null
    }
},
{
    "model": "orders.order",
    "pk": 68,
    "fields": {
        "create_at": "2023-11-19T10:13:59.042Z",
        "updated_at": "2023-11-19T10:13:59.042Z",
        "user": 1,
        "coupon": null,
        "transport": 2,
        "full_name": "admin",
        "email": "admin@localhost",
        "phone": "09122222345",
        "address": "تهران - فرشته",
        "paid": false,
        "discount": 0,
        "transaction_id": null
    }
},
{
    "model": "orders.order",
    "pk": 69,
    "fields": {
        "create_at": "2023-11-19T10:15:09.267Z",
        "updated_at": "2023-12-05T12:19:47.477Z",
        "user": 1,
        "coupon": null,
        "transport": 3,
        "full_name": "admin",
        "email": "admin@localhost",
        "phone": "09122222345",
        "address": "تهران - فرشته",
        "paid": false,
        "discount": 0,
        "transaction_id": null
    }
},
{
    "model": "orders.order",
    "pk": 70,
    "fields": {
        "create_at": "2023-11-19T10:20:23.042Z",
        "updated_at": "2023-11-19T10:20:23.042Z",
        "user": 1,
        "coupon": null,
        "transport": 3,
        "full_name": "admin",
        "email": "admin@localhost",
        "phone": "09122222345",
        "address": "تهران - فرشته",
        "paid": false,
        "discount": 0,
        "transaction_id": null
    }
},
{
    "model": "orders.order",
    "pk": 71,
    "fields": {
        "create_at": "2023-11-19T10:40:22.970Z",
        "updated_at": "2023-11-19T10:40:22.970Z",
        "user": 1,
        "coupon": null,
        "transport": 2,
        "full_name": "admin",
        "email": "admin@localhost",
        "phone": "09122222345",
        "address": "تهران - فرشته",
        "paid": false,
        "discount": 0,
        "transaction_id": null
    }
},
{
    "model": "orders.order",
    "pk": 72,
    "fields": {
        "create_at": "2023-11-19T10:42:17.671Z",
        "updated_at": "2023-11-23T18:03:24.338Z",
        "user": 4,
        "coupon": null,
        "transport": 3,
        "full_name": "mamad",
        "email": "mamad@gmail.com",
        "phone": "09122222345",
        "address": "تهران - فرشته",
        "paid": true,
        "discount": 0,
        "transaction_id": "0"
    }
},
{
    "model": "orders.orderitem",
    "pk": 2,
    "fields": {
        "create_at": "2023-02-15T04:55:40.446Z",
        "updated_at": "2023-02-15T04:55:40.446Z",
        "order": 2,
        "product": 12,
        "price": "99000.64",
        "quantity": 2
    }
},
{
    "model": "orders.orderitem",
    "pk": 3,
    "fields": {
        "create_at": "2023-02-15T04:55:40.455Z",
        "updated_at": "2023-02-15T04:55:40.455Z",
        "order": 2,
        "product": 2,
        "price": "35000.00",
        "quantity": 1
    }
},
{
    "model": "orders.orderitem",
    "pk": 4,
    "fields": {
        "create_at": "2023-02-15T04:55:40.463Z",
        "updated_at": "2023-02-15T04:55:40.463Z",
        "order": 2,
        "product": 15,
        "price": "560000.00",
        "quantity": 1
    }
},
{
    "model": "orders.orderitem",
    "pk": 5,
    "fields": {
        "create_at": "2023-02-15T07:12:35.132Z",
        "updated_at": "2023-02-15T07:12:35.132Z",
        "order": 3,
        "product": 12,
        "price": "99000.64",
        "quantity": 2
    }
},
{
    "model": "orders.orderitem",
    "pk": 6,
    "fields": {
        "create_at": "2023-02-15T07:12:35.140Z",
        "updated_at": "2023-02-15T07:12:35.140Z",
        "order": 3,
        "product": 2,
        "price": "35000.00",
        "quantity": 1
    }
},
{
    "model": "orders.orderitem",
    "pk": 7,
    "fields": {
        "create_at": "2023-02-15T07:12:35.147Z",
        "updated_at": "2023-02-15T07:12:35.147Z",
        "order": 3,
        "product": 15,
        "price": "560000.00",
        "quantity": 1
    }
},
{
    "model": "orders.orderitem",
    "pk": 8,
    "fields": {
        "create_at": "2023-02-15T07:55:43.726Z",
        "updated_at": "2023-02-15T07:55:43.726Z",
        "order": 4,
        "product": 12,
        "price": "99000.64",
        "quantity": 2
    }
},
{
    "model": "orders.orderitem",
    "pk": 9,
    "fields": {
        "create_at": "2023-02-15T07:55:51.789Z",
        "updated_at": "2023-02-15T07:55:51.789Z",
        "order": 4,
        "product": 2,
        "price": "35000.00",
        "quantity": 1
    }
},
{
    "model": "orders.orderitem",
    "pk": 10,
    "fields": {
        "create_at": "2023-02-15T07:55:59.488Z",
        "updated_at": "2023-02-15T07:55:59.488Z",
        "order": 4,
        "product": 15,
        "price": "560000.00",
        "quantity": 1
    }
},
{
    "model": "orders.orderitem",
    "pk": 11,
    "fields": {
        "create_at": "2023-02-15T08:36:31.648Z",
        "updated_at": "2023-02-15T08:36:31.648Z",
        "order": 5,
        "product": 12,
        "price": "99000.64",
        "quantity": 1
    }
},
{
    "model": "orders.orderitem",
    "pk": 12,
    "fields": {
        "create_at": "2023-02-19T04:32:31.730Z",
        "updated_at": "2023-02-19T04:32:31.730Z",
        "order": 6,
        "product": 12,
        "price": "99000.64",
        "quantity": 3
    }
},
{
    "model": "orders.orderitem",
    "pk": 13,
    "fields": {
        "create_at": "2023-02-19T04:36:51.771Z",
        "updated_at": "2023-02-19T04:36:51.771Z",
        "order": 7,
        "product": 12,
        "price": "99000.64",
        "quantity": 3
    }
},
{
    "model": "orders.orderitem",
    "pk": 14,
    "fields": {
        "create_at": "2023-02-19T05:18:57.882Z",
        "updated_at": "2023-02-19T05:18:57.882Z",
        "order": 8,
        "product": 12,
        "price": "99000.64",
        "quantity": 1
    }
},
{
    "model": "orders.orderitem",
    "pk": 15,
    "fields": {
        "create_at": "2023-02-19T05:28:02.988Z",
        "updated_at": "2023-02-19T05:28:02.988Z",
        "order": 9,
        "product": 12,
        "price": "99000.64",
        "quantity": 1
    }
},
{
    "model": "orders.orderitem",
    "pk": 16,
    "fields": {
        "create_at": "2023-02-19T05:33:28.824Z",
        "updated_at": "2023-02-19T05:33:28.824Z",
        "order": 10,
        "product": 12,
        "price": "99000.64",
        "quantity": 1
    }
},
{
    "model": "orders.orderitem",
    "pk": 17,
    "fields": {
        "create_at": "2023-02-19T05:50:34.968Z",
        "updated_at": "2023-02-19T05:50:34.968Z",
        "order": 11,
        "product": 12,
        "price": "99000.64",
        "quantity": 1
    }
},
{
    "model": "orders.orderitem",
    "pk": 18,
    "fields": {
        "create_at": "2023-04-08T05:13:13.826Z",
        "updated_at": "2023-04-08T05:13:13.826Z",
        "order": 12,
        "product": 12,
        "price": "99000.64",
        "quantity": 2
    }
},
{
    "model": "orders.orderitem",
    "pk": 19,
    "fields": {
        "create_at": "2023-04-08T05:19:42.357Z",
        "updated_at": "2023-04-08T05:19:42.357Z",
        "order": 13,
        "product": 12,
        "price": "99000.64",
        "quantity": 2
    }
},
{
    "model": "orders.orderitem",
    "pk": 20,
    "fields": {
        "create_at": "2023-04-08T05:25:19.123Z",
        "updated_at": "2023-04-08T05:25:19.123Z",
        "order": 14,
        "product": 7,
        "price": "120000.22",
        "quantity": 2
    }
},
{
    "model": "orders.orderitem",
    "pk": 21,
    "fields": {
        "create_at": "2023-04-08T05:31:12.492Z",
        "updated_at": "2023-04-08T05:31:12.492Z",
        "order": 15,
        "product": 2,
        "price": "35000.00",
        "quantity": 2
    }
},
{
    "model": "orders.orderitem",
    "pk": 22,
    "fields": {
        "create_at": "2023-04-08T05:32:18.170Z",
        "updated_at": "2023-04-08T05:32:18.170Z",
        "order": 16,
        "product": 2,
        "price": "35000.00",
        "quantity": 2
    }
},
{
    "model": "orders.orderitem",
    "pk": 23,
    "fields": {
        "create_at": "2023-04-08T05:36:21.811Z",
        "updated_at": "2023-04-08T05:36:21.811Z",
        "order": 17,
        "product": 2,
        "price": "35000.00",
        "quantity": 1
    }
},
{
    "model": "orders.orderitem",
    "pk": 24,
    "fields": {
        "create_at": "2023-04-08T06:12:54.723Z",
        "updated_at": "2023-04-08T06:12:54.723Z",
        "order": 18,
        "product": 2,
        "price": "35000.00",
        "quantity": 1
    }
},
{
    "model": "orders.orderitem",
    "pk": 25,
    "fields": {
        "create_at": "2023-04-08T06:14:15.761Z",
        "updated_at": "2023-04-08T06:14:15.761Z",
        "order": 19,
        "product": 2,
        "price": "35000.00",
        "quantity": 1
    }
},
{
    "model": "orders.orderitem",
    "pk": 26,
    "fields": {
        "create_at": "2023-04-08T06:17:23.215Z",
        "updated_at": "2023-04-08T06:17:23.215Z",
        "order": 20,
        "product": 7,
        "price": "120000.22",
        "quantity": 1
    }
},
{
    "model": "orders.orderitem",
    "pk": 27,
    "fields": {
        "create_at": "2023-04-08T06:18:57.321Z",
        "updated_at": "2023-04-08T06:18:57.321Z",
        "order": 21,
        "product": 7,
        "price": "120000.22",
        "quantity": 1
    }
},
{
    "model": "orders.orderitem",
    "pk": 28,
    "fields": {
        "create_at": "2023-04-08T06:25:54.180Z",
        "updated_at": "2023-04-08T06:25:54.180Z",
        "order": 22,
        "product": 7,
        "price": "120000.22",
        "quantity": 1
    }
},
{
    "model": "orders.orderitem",
    "pk": 29,
    "fields": {
        "create_at": "2023-04-08T18:58:22.829Z",
        "updated_at": "2023-04-08T18:58:22.829Z",
        "order": 23,
        "product": 12,
        "price": "99000.64",
        "quantity": 1
    }
},
{
    "model": "orders.orderitem",
    "pk": 30,
    "fields": {
        "create_at": "2023-04-08T19:00:19.175Z",
        "updated_at": "2023-04-08T19:00:19.175Z",
        "order": 24,
        "product": 12,
        "price": "99000.64",
        "quantity": 1
    }
},
{
    "model": "orders.orderitem",
    "pk": 31,
    "fields": {
        "create_at": "2023-04-08T19:01:59.476Z",
        "updated_at": "2023-04-08T19:01:59.476Z",
        "order": 25,
        "product": 12,
        "price": "99000.64",
        "quantity": 1
    }
},
{
    "model": "orders.orderitem",
    "pk": 32,
    "fields": {
        "create_at": "2023-04-08T19:41:10.214Z",
        "updated_at": "2023-04-08T19:41:10.214Z",
        "order": 26,
        "product": 7,
        "price": "120000.22",
        "quantity": 1
    }
},
{
    "model": "orders.orderitem",
    "pk": 33,
    "fields": {
        "create_at": "2023-04-08T19:43:04.504Z",
        "updated_at": "2023-04-08T19:43:04.504Z",
        "order": 27,
        "product": 2,
        "price": "35000.00",
        "quantity": 1
    }
},
{
    "model": "orders.orderitem",
    "pk": 34,
    "fields": {
        "create_at": "2023-04-08T20:16:33.165Z",
        "updated_at": "2023-04-08T20:16:33.165Z",
        "order": 28,
        "product": 7,
        "price": "120000.22",
        "quantity": 1
    }
},
{
    "model": "orders.orderitem",
    "pk": 35,
    "fields": {
        "create_at": "2023-04-08T20:18:23.999Z",
        "updated_at": "2023-04-08T20:18:23.999Z",
        "order": 29,
        "product": 2,
        "price": "35000.00",
        "quantity": 1
    }
},
{
    "model": "orders.orderitem",
    "pk": 36,
    "fields": {
        "create_at": "2023-04-08T20:39:53.392Z",
        "updated_at": "2023-04-08T20:39:53.393Z",
        "order": 30,
        "product": 7,
        "price": "120000.22",
        "quantity": 1
    }
},
{
    "model": "orders.orderitem",
    "pk": 37,
    "fields": {
        "create_at": "2023-04-08T20:44:50.323Z",
        "updated_at": "2023-04-08T20:44:50.323Z",
        "order": 31,
        "product": 2,
        "price": "35000.00",
        "quantity": 1
    }
},
{
    "model": "orders.orderitem",
    "pk": 38,
    "fields": {
        "create_at": "2023-04-08T20:45:54.070Z",
        "updated_at": "2023-04-08T20:45:54.070Z",
        "order": 32,
        "product": 2,
        "price": "35000.00",
        "quantity": 1
    }
},
{
    "model": "orders.orderitem",
    "pk": 39,
    "fields": {
        "create_at": "2023-04-08T20:49:51.386Z",
        "updated_at": "2023-04-08T20:49:51.386Z",
        "order": 33,
        "product": 2,
        "price": "35000.00",
        "quantity": 1
    }
},
{
    "model": "orders.orderitem",
    "pk": 40,
    "fields": {
        "create_at": "2023-04-08T22:21:04.030Z",
        "updated_at": "2023-04-08T22:21:04.030Z",
        "order": 34,
        "product": 3,
        "price": "68000.00",
        "quantity": 1
    }
},
{
    "model": "orders.orderitem",
    "pk": 41,
    "fields": {
        "create_at": "2023-04-08T22:21:04.037Z",
        "updated_at": "2023-04-08T22:21:04.037Z",
        "order": 34,
        "product": 5,
        "price": "249000.00",
        "quantity": 1
    }
},
{
    "model": "orders.orderitem",
    "pk": 42,
    "fields": {
        "create_at": "2023-04-08T22:23:41.237Z",
        "updated_at": "2023-04-08T22:23:41.237Z",
        "order": 35,
        "product": 3,
        "price": "68000.00",
        "quantity": 1
    }
},
{
    "model": "orders.orderitem",
    "pk": 43,
    "fields": {
        "create_at": "2023-04-08T22:23:41.247Z",
        "updated_at": "2023-04-08T22:23:41.247Z",
        "order": 35,
        "product": 5,
        "price": "249000.00",
        "quantity": 1
    }
},
{
    "model": "orders.orderitem",
    "pk": 44,
    "fields": {
        "create_at": "2023-04-08T22:24:54.966Z",
        "updated_at": "2023-04-08T22:24:54.966Z",
        "order": 36,
        "product": 3,
        "price": "68000.00",
        "quantity": 1
    }
},
{
    "model": "orders.orderitem",
    "pk": 45,
    "fields": {
        "create_at": "2023-04-08T22:24:57.570Z",
        "updated_at": "2023-04-08T22:24:57.570Z",
        "order": 36,
        "product": 5,
        "price": "249000.00",
        "quantity": 1
    }
},
{
    "model": "orders.orderitem",
    "pk": 46,
    "fields": {
        "create_at": "2023-04-08T22:27:20.521Z",
        "updated_at": "2023-04-08T22:27:20.521Z",
        "order": 37,
        "product": 3,
        "price": "68000.00",
        "quantity": 1
    }
},
{
    "model": "orders.orderitem",
    "pk": 47,
    "fields": {
        "create_at": "2023-04-08T22:27:22.605Z",
        "updated_at": "2023-04-08T22:27:22.605Z",
        "order": 37,
        "product": 5,
        "price": "249000.00",
        "quantity": 1
    }
},
{
    "model": "orders.orderitem",
    "pk": 48,
    "fields": {
        "create_at": "2023-04-08T22:31:45.027Z",
        "updated_at": "2023-04-08T22:31:45.027Z",
        "order": 38,
        "product": 3,
        "price": "68000.00",
        "quantity": 1
    }
},
{
    "model": "orders.orderitem",
    "pk": 49,
    "fields": {
        "create_at": "2023-04-08T22:31:47.612Z",
        "updated_at": "2023-04-08T22:31:47.612Z",
        "order": 38,
        "product": 5,
        "price": "249000.00",
        "quantity": 1
    }
},
{
    "model": "orders.orderitem",
    "pk": 50,
    "fields": {
        "create_at": "2023-04-08T22:37:02.763Z",
        "updated_at": "2023-04-08T22:37:02.763Z",
        "order": 39,
        "product": 2,
        "price": "35000.00",
        "quantity": 1
    }
},
{
    "model": "orders.orderitem",
    "pk": 51,
    "fields": {
        "create_at": "2023-04-08T22:38:50.946Z",
        "updated_at": "2023-04-08T22:38:50.946Z",
        "order": 40,
        "product": 2,
        "price": "35000.00",
        "quantity": 1
    }
},
{
    "model": "orders.orderitem",
    "pk": 52,
    "fields": {
        "create_at": "2023-04-08T22:42:46.054Z",
        "updated_at": "2023-04-08T22:42:46.054Z",
        "order": 41,
        "product": 12,
        "price": "99000.00",
        "quantity": 1
    }
},
{
    "model": "orders.orderitem",
    "pk": 53,
    "fields": {
        "create_at": "2023-04-08T22:42:46.061Z",
        "updated_at": "2023-04-08T22:42:46.061Z",
        "order": 41,
        "product": 7,
        "price": "120000.00",
        "quantity": 1
    }
},
{
    "model": "orders.orderitem",
    "pk": 54,
    "fields": {
        "create_at": "2023-04-08T22:42:46.069Z",
        "updated_at": "2023-04-08T22:42:46.069Z",
        "order": 41,
        "product": 13,
        "price": "1359000.00",
        "quantity": 1
    }
},
{
    "model": "orders.orderitem",
    "pk": 55,
    "fields": {
        "create_at": "2023-04-08T22:53:54.288Z",
        "updated_at": "2023-04-08T22:53:54.288Z",
        "order": 42,
        "product": 2,
        "price": "35000.00",
        "quantity": 4
    }
},
{
    "model": "orders.orderitem",
    "pk": 56,
    "fields": {
        "create_at": "2023-04-08T22:56:57.744Z",
        "updated_at": "2023-04-08T22:56:57.744Z",
        "order": 43,
        "product": 7,
        "price": "120000.00",
        "quantity": 1
    }
},
{
    "model": "orders.orderitem",
    "pk": 57,
    "fields": {
        "create_at": "2023-04-08T22:59:14.981Z",
        "updated_at": "2023-04-08T22:59:14.981Z",
        "order": 44,
        "product": 7,
        "price": "120000.00",
        "quantity": 1
    }
},
{
    "model": "orders.orderitem",
    "pk": 58,
    "fields": {
        "create_at": "2023-04-08T23:05:34.296Z",
        "updated_at": "2023-04-08T23:05:34.296Z",
        "order": 45,
        "product": 7,
        "price": "120000.00",
        "quantity": 1
    }
},
{
    "model": "orders.orderitem",
    "pk": 59,
    "fields": {
        "create_at": "2023-04-09T04:31:23.462Z",
        "updated_at": "2023-04-09T04:31:23.462Z",
        "order": 46,
        "product": 7,
        "price": "120000.00",
        "quantity": 1
    }
},
{
    "model": "orders.orderitem",
    "pk": 60,
    "fields": {
        "create_at": "2023-04-09T04:33:38.663Z",
        "updated_at": "2023-04-09T04:33:38.663Z",
        "order": 47,
        "product": 7,
        "price": "120000.00",
        "quantity": 1
    }
},
{
    "model": "orders.orderitem",
    "pk": 61,
    "fields": {
        "create_at": "2023-04-09T04:34:21.541Z",
        "updated_at": "2023-04-09T04:34:21.541Z",
        "order": 48,
        "product": 7,
        "price": "120000.00",
        "quantity": 1
    }
},
{
    "model": "orders.orderitem",
    "pk": 62,
    "fields": {
        "create_at": "2023-04-09T04:38:35.985Z",
        "updated_at": "2023-04-09T04:38:35.985Z",
        "order": 49,
        "product": 7,
        "price": "120000.00",
        "quantity": 1
    }
},
{
    "model": "orders.orderitem",
    "pk": 63,
    "fields": {
        "create_at": "2023-04-09T04:39:35.840Z",
        "updated_at": "2023-04-09T04:39:35.840Z",
        "order": 50,
        "product": 7,
        "price": "120000.00",
        "quantity": 1
    }
},
{
    "model": "orders.orderitem",
    "pk": 64,
    "fields": {
        "create_at": "2023-04-09T04:52:38.351Z",
        "updated_at": "2023-04-09T04:52:38.351Z",
        "order": 51,
        "product": 7,
        "price": "120000.00",
        "quantity": 1
    }
},
{
    "model": "orders.orderitem",
    "pk": 65,
    "fields": {
        "create_at": "2023-04-09T04:57:23.474Z",
        "updated_at": "2023-04-09T04:57:23.474Z",
        "order": 52,
        "product": 7,
        "price": "120000.00",
        "quantity": 1
    }
},
{
    "model": "orders.orderitem",
    "pk": 66,
    "fields": {
        "create_at": "2023-04-09T05:04:53.446Z",
        "updated_at": "2023-04-09T05:04:53.446Z",
        "order": 53,
        "product": 7,
        "price": "120000.00",
        "quantity": 1
    }
},
{
    "model": "orders.orderitem",
    "pk": 67,
    "fields": {
        "create_at": "2023-04-09T05:06:44.863Z",
        "updated_at": "2023-04-09T05:06:44.863Z",
        "order": 54,
        "product": 7,
        "price": "120000.00",
        "quantity": 1
    }
},
{
    "model": "orders.orderitem",
    "pk": 68,
    "fields": {
        "create_at": "2023-04-09T05:08:42.489Z",
        "updated_at": "2023-04-09T05:08:42.489Z",
        "order": 55,
        "product": 13,
        "price": "1359000.00",
        "quantity": 1
    }
},
{
    "model": "orders.orderitem",
    "pk": 69,
    "fields": {
        "create_at": "2023-11-19T06:24:40.308Z",
        "updated_at": "2023-11-19T06:24:40.308Z",
        "order": 56,
        "product": 12,
        "price": "99000.00",
        "quantity": 1
    }
},
{
    "model": "orders.orderitem",
    "pk": 70,
    "fields": {
        "create_at": "2023-11-19T06:27:57.839Z",
        "updated_at": "2023-11-19T06:27:57.839Z",
        "order": 57,
        "product": 7,
        "price": "120000.00",
        "quantity": 1
    }
},
{
    "model": "orders.orderitem",
    "pk": 71,
    "fields": {
        "create_at": "2023-11-19T06:30:43.261Z",
        "updated_at": "2023-11-19T06:30:43.261Z",
        "order": 59,
        "product": 17,
        "price": "1850000.00",
        "quantity": 1
    }
},
{
    "model": "orders.orderitem",
    "pk": 72,
    "fields": {
        "create_at": "2023-11-19T06:32:02.360Z",
        "updated_at": "2023-11-19T06:32:02.360Z",
        "order": 60,
        "product": 7,
        "price": "120000.00",
        "quantity": 3
    }
},
{
    "model": "orders.orderitem",
    "pk": 73,
    "fields": {
        "create_at": "2023-11-19T06:33:42.492Z",
        "updated_at": "2023-11-19T06:33:42.492Z",
        "order": 61,
        "product": 7,
        "price": "120000.00",
        "quantity": 1
    }
},
{
    "model": "orders.orderitem",
    "pk": 74,
    "fields": {
        "create_at": "2023-11-19T06:36:00.500Z",
        "updated_at": "2023-11-19T06:36:00.500Z",
        "order": 62,
        "product": 7,
        "price": "120000.00",
        "quantity": 1
    }
},
{
    "model": "orders.orderitem",
    "pk": 75,
    "fields": {
        "create_at": "2023-11-19T06:38:32.763Z",
        "updated_at": "2023-11-19T06:38:32.764Z",
        "order": 63,
        "product": 7,
        "price": "120000.00",
        "quantity": 1
    }
},
{
    "model": "orders.orderitem",
    "pk": 76,
    "fields": {
        "create_at": "2023-11-19T09:53:11.468Z",
        "updated_at": "2023-11-19T09:53:11.468Z",
        "order": 64,
        "product": 2,
        "price": "35000.00",
        "quantity": 1
    }
},
{
    "model": "orders.orderitem",
    "pk": 77,
    "fields": {
        "create_at": "2023-11-19T09:53:49.246Z",
        "updated_at": "2023-11-19T09:53:49.246Z",
        "order": 65,
        "product": 2,
        "price": "35000.00",
        "quantity": 1
    }
},
{
    "model": "orders.orderitem",
    "pk": 78,
    "fields": {
        "create_at": "2023-11-19T10:08:52.038Z",
        "updated_at": "2023-11-19T10:08:52.038Z",
        "order": 66,
        "product": 2,
        "price": "35000.00",
        "quantity": 1
    }
},
{
    "model": "orders.orderitem",
    "pk": 79,
    "fields": {
        "create_at": "2023-11-19T10:12:27.902Z",
        "updated_at": "2023-11-19T10:12:27.902Z",
        "order": 67,
        "product": 7,
        "price": "120000.00",
        "quantity": 1
    }
},
{
    "model": "orders.orderitem",
    "pk": 80,
    "fields": {
        "create_at": "2023-11-19T10:13:59.051Z",
        "updated_at": "2023-11-19T10:13:59.051Z",
        "order": 68,
        "product": 7,
        "price": "120000.00",
        "quantity": 1
    }
},
{
    "model": "orders.orderitem",
    "pk": 81,
    "fields": {
        "create_at": "2023-11-19T10:15:09.278Z",
        "updated_at": "2023-11-19T10:15:09.278Z",
        "order": 69,
        "product": 12,
        "price": "99000.00",
        "quantity": 1
    }
},
{
    "model": "orders.orderitem",
    "pk": 82,
    "fields": {
        "create_at": "2023-11-19T10:20:23.053Z",
        "updated_at": "2023-11-19T10:20:23.053Z",
        "order": 70,
        "product": 12,
        "price": "99000.00",
        "quantity": 1
    }
},
{
    "model": "orders.orderitem",
    "pk": 83,
    "fields": {
        "create_at": "2023-11-19T10:40:22.985Z",
        "updated_at": "2023-11-19T10:40:22.985Z",
        "order": 71,
        "product": 13,
        "price": "1359000.00",
        "quantity": 1
    }
},
{
    "model": "orders.orderitem",
    "pk": 84,
    "fields": {
        "create_at": "2023-11-19T10:42:17.682Z",
        "updated_at": "2023-11-19T10:42:17.682Z",
        "order": 72,
        "product": 12,
        "price": "99000.00",
        "quantity": 1
    }
},
{
    "model": "orders.orderitem",
    "pk": 85,
    "fields": {
        "create_at": "2023-11-22T13:44:09.305Z",
        "updated_at": "2023-11-22T13:44:09.305Z",
        "order": 1,
        "product": 13,
        "price": "1359000.00",
        "quantity": 2
    }
},
{
    "model": "orders.orderitem",
    "pk": 86,
    "fields": {
        "create_at": "2023-11-22T13:44:09.307Z",
        "updated_at": "2023-11-22T13:44:09.307Z",
        "order": 1,
        "product": 12,
        "price": "99000.00",
        "quantity": 5
    }
},
{
    "model": "coupons.coupon",
    "pk": 1,
    "fields": {
        "create_at": "2023-01-27T12:59:08Z",
        "updated_at": "2023-02-03T15:30:06.503Z",
        "code": "1percent",
        "valid_from": "2023-01-27T12:58:51Z",
        "valid_to": "2023-02-28T15:29:49Z",
        "discount": 1,
        "active": true
    }
},
{
    "model": "coupons.coupon",
    "pk": 2,
    "fields": {
        "create_at": "2023-02-03T15:19:57.355Z",
        "updated_at": "2023-02-14T07:06:39.843Z",
        "code": "100percent",
        "valid_from": "2023-02-03T00:00:00Z",
        "valid_to": "2023-12-10T00:00:00Z",
        "discount": 100,
        "active": true
    }
},
{
    "model": "transportation.transport",
    "pk": 2,
    "fields": {
        "create_at": "2023-02-03T15:20:33.188Z",
        "updated_at": "2023-02-03T15:21:12.437Z",
        "name": "رایگان",
        "delivery": "پست سفارشی",
        "price": "0.00",
        "activate": true
    }
},
{
    "model": "transportation.transport",
    "pk": 3,
    "fields": {
        "create_at": "2023-02-03T15:21:34.966Z",
        "updated_at": "2023-02-03T15:21:34.966Z",
        "name": "پست",
        "delivery": "پست پیشتاز",
        "price": "25000.00",
        "activate": true
    }
},
{
    "model": "transportation.transport",
    "pk": 4,
    "fields": {
        "create_at": "2023-02-03T15:22:01.136Z",
        "updated_at": "2023-02-03T15:22:01.136Z",
        "name": "تیپاکس",
        "delivery": "تیپاکس پیشتاز",
        "price": "45000.00",
        "activate": true
    }
},
{
    "model": "payments.payment",
    "pk": 4,
    "fields": {
        "create_at": "2023-11-19T05:49:06.497Z",
        "updated_at": "2023-11-19T10:14:52.219Z",
        "name": "زرین پال",
        "merchant": "B589E6CC-DEFD-4649-9332-A1F75F2812A4",
        "types": "zarinpal",
        "available": false
    }
}
]
